epitope,mutation,escape
class 1,N331A,0
class 1,N331D,0
class 1,N331E,0
class 1,N331F,0
class 1,N331G,1.701
class 1,N331H,0
class 1,N331I,2.62
class 1,N331K,0
class 1,N331L,0
class 1,N331M,0
class 1,N331P,0
class 1,N331Q,0
class 1,N331R,0
class 1,N331S,0
class 1,N331T,0
class 1,N331V,0
class 1,I332A,0
class 1,I332C,2.69
class 1,I332D,0
class 1,I332E,0
class 1,I332F,0
class 1,I332G,0
class 1,I332H,1.424
class 1,I332K,1.943
class 1,I332L,1.74
class 1,I332M,0
class 1,I332N,1.21
class 1,I332P,0
class 1,I332Q,0
class 1,I332R,1.216
class 1,I332S,1.406
class 1,I332T,0
class 1,I332V,0
class 1,I332W,0
class 1,I332Y,3.297
class 1,T333A,0
class 1,T333C,0
class 1,T333D,0
class 1,T333E,0
class 1,T333F,0
class 1,T333G,0
class 1,T333H,2.603
class 1,T333K,0
class 1,T333L,0
class 1,T333M,2.401
class 1,T333N,0
class 1,T333P,0
class 1,T333Q,0
class 1,T333R,0
class 1,T333S,0
class 1,T333V,0
class 1,T333W,0
class 1,T333Y,1.218
class 1,N334A,0
class 1,N334C,0
class 1,N334D,0
class 1,N334E,0
class 1,N334F,1.662
class 1,N334G,0
class 1,N334H,0
class 1,N334I,1.415
class 1,N334K,1.311
class 1,N334L,1.808
class 1,N334M,1.248
class 1,N334P,0
class 1,N334Q,0
class 1,N334R,0
class 1,N334S,0
class 1,N334T,0
class 1,N334V,0
class 1,N334Y,1.354
class 1,L335A,0
class 1,L335C,0
class 1,L335D,0
class 1,L335E,0
class 1,L335F,0
class 1,L335G,0
class 1,L335H,1.598
class 1,L335I,0
class 1,L335K,0
class 1,L335M,0
class 1,L335N,0
class 1,L335P,0
class 1,L335Q,0
class 1,L335R,0
class 1,L335S,1.355
class 1,L335T,0
class 1,L335V,0
class 1,L335W,1.56
class 1,L335Y,0
class 1,C336G,0
class 1,P337A,0
class 1,P337C,0
class 1,P337D,0
class 1,P337E,3.089
class 1,P337G,0
class 1,P337H,1.95
class 1,P337K,0
class 1,P337L,1.29
class 1,P337M,2.005
class 1,P337N,0
class 1,P337Q,0
class 1,P337R,1.26
class 1,P337S,0
class 1,P337T,2.154
class 1,F338I,3.378
class 1,F338L,1.312
class 1,F338M,0
class 1,F338W,0
class 1,F338Y,1.93
class 1,G339A,1.631
class 1,G339D,0
class 1,G339E,0
class 1,G339F,0
class 1,G339H,0
class 1,G339I,0
class 1,G339K,0
class 1,G339L,0
class 1,G339M,1.94
class 1,G339N,1.92
class 1,G339P,0
class 1,G339Q,0
class 1,G339R,1.672
class 1,G339S,0
class 1,G339T,0
class 1,G339V,0
class 1,G339W,0
class 1,G339Y,0
class 1,E340A,1.478
class 1,E340D,0
class 1,E340G,0
class 1,E340K,0
class 1,E340L,1.689
class 1,E340M,0
class 1,E340N,0
class 1,E340P,1.782
class 1,E340Q,2.934
class 1,E340S,3.29
class 1,E340T,0
class 1,V341I,0
class 1,V341L,0
class 1,F342I,0
class 1,F342L,1.427
class 1,F342M,0
class 1,A344E,3.048
class 1,A344K,0
class 1,A344N,0
class 1,A344Q,0
class 1,A344R,0
class 1,A344S,0
class 1,T345A,0
class 1,T345D,1.505
class 1,T345E,1.782
class 1,T345K,0
class 1,T345P,1.394
class 1,T345R,1.633
class 1,T345S,0
class 1,R346A,0
class 1,R346C,0
class 1,R346D,0
class 1,R346E,0
class 1,R346F,0
class 1,R346G,0
class 1,R346H,3.669
class 1,R346I,0
class 1,R346K,2.548
class 1,R346L,0
class 1,R346M,0
class 1,R346N,0
class 1,R346Q,0
class 1,R346S,0
class 1,R346T,0
class 1,R346V,0
class 1,R346W,0
class 1,R346Y,0
class 1,F347W,3.384
class 1,A348D,0
class 1,A348E,0
class 1,A348G,2.136
class 1,A348H,2.581
class 1,A348K,1.651
class 1,A348N,1.697
class 1,A348P,0
class 1,A348Q,2.31
class 1,A348S,0
class 1,A348Y,0
class 1,S349N,2.769
class 1,S349P,1.862
class 1,Y351F,1.383
class 1,Y351H,0
class 1,Y351W,0
class 1,A352D,0
class 1,A352E,0
class 1,A352G,2.459
class 1,A352H,0
class 1,A352K,0
class 1,A352M,0
class 1,A352N,0
class 1,A352Q,0
class 1,A352R,0
class 1,A352S,0
class 1,A352Y,1.358
class 1,W353F,3.25
class 1,N354A,1.79
class 1,N354D,1.577
class 1,N354G,0
class 1,N354H,0
class 1,N354K,0
class 1,N354R,2.146
class 1,N354S,1.491
class 1,N354T,1.937
class 1,N354V,1.281
class 1,K356A,1.93
class 1,K356E,0
class 1,K356H,1.355
class 1,K356I,2.344
class 1,K356L,0
class 1,K356M,0
class 1,K356N,1.427
class 1,K356Q,2.04
class 1,K356R,0
class 1,K356S,0
class 1,K356T,0
class 1,K356V,0
class 1,K356Y,2.626
class 1,R357A,0
class 1,R357C,4.034
class 1,R357D,0
class 1,R357E,0
class 1,R357H,0
class 1,R357I,0
class 1,R357K,0
class 1,R357L,2.089
class 1,R357M,0
class 1,R357N,0
class 1,R357P,1.751
class 1,R357Q,0
class 1,R357S,2.441
class 1,R357T,0
class 1,R357V,0
class 1,R357W,0
class 1,R357Y,0
class 1,I358C,0
class 1,I358F,0
class 1,I358L,0
class 1,I358M,0
class 1,I358V,0
class 1,I358W,0
class 1,I358Y,0
class 1,S359A,0
class 1,S359C,0
class 1,S359D,0
class 1,S359E,0
class 1,S359F,1.921
class 1,S359G,1.988
class 1,S359H,0
class 1,S359I,1.42
class 1,S359K,1.701
class 1,S359N,2.316
class 1,S359P,2.633
class 1,S359Q,0
class 1,S359R,0
class 1,S359T,2.381
class 1,S359V,0
class 1,S359W,3.918
class 1,S359Y,0
class 1,N360D,0
class 1,N360E,0
class 1,N360K,0
class 1,N360Q,2.213
class 1,N360R,2.078
class 1,N360S,0
class 1,C361N,0
class 1,C361P,0
class 1,V362A,0
class 1,V362C,0
class 1,V362D,0
class 1,V362E,0
class 1,V362F,1.752
class 1,V362G,0
class 1,V362H,0
class 1,V362I,0
class 1,V362K,0
class 1,V362L,1.852
class 1,V362M,0
class 1,V362N,0
class 1,V362Q,0
class 1,V362R,0
class 1,V362S,2.517
class 1,V362T,0
class 1,V362W,1.437
class 1,V362Y,0
class 1,A363C,0
class 1,A363F,0
class 1,A363G,1.984
class 1,A363H,4.475
class 1,A363I,2.366
class 1,A363L,0
class 1,A363M,0
class 1,A363P,0
class 1,A363Q,2.659
class 1,A363S,0
class 1,A363T,1.394
class 1,A363V,0
class 1,A363W,0
class 1,A363Y,0
class 1,Y365A,1.589
class 1,Y365C,1.779
class 1,Y365F,0
class 1,Y365G,2.872
class 1,Y365I,0
class 1,Y365L,0
class 1,Y365M,0
class 1,Y365P,2.076
class 1,Y365T,0
class 1,Y365V,0
class 1,Y365W,0
class 1,S366A,0
class 1,S366D,1.51
class 1,S366E,0
class 1,S366F,1.842
class 1,S366G,1.736
class 1,S366H,0
class 1,S366I,0
class 1,S366K,1.218
class 1,S366L,2.177
class 1,S366M,1.73
class 1,S366N,1.813
class 1,S366P,0
class 1,S366Q,0
class 1,S366R,0
class 1,S366T,0
class 1,S366V,0
class 1,S366W,0
class 1,V367A,0
class 1,V367C,0
class 1,V367D,2.241
class 1,V367E,0
class 1,V367F,0
class 1,V367G,0
class 1,V367H,1.239
class 1,V367I,0
class 1,V367K,0
class 1,V367L,0
class 1,V367M,0
class 1,V367N,1.854
class 1,V367P,1.988
class 1,V367Q,0
class 1,V367R,0
class 1,V367S,0
class 1,V367T,0
class 1,V367W,0
class 1,V367Y,0
class 1,L368F,1.694
class 1,L368I,0
class 1,L368M,0
class 1,L368V,0
class 1,Y369A,1.801
class 1,Y369C,0
class 1,Y369D,1.872
class 1,Y369E,1.962
class 1,Y369F,0
class 1,Y369G,0
class 1,Y369H,0
class 1,Y369I,0
class 1,Y369K,0
class 1,Y369L,0
class 1,Y369M,0
class 1,Y369N,1.77
class 1,Y369P,1.921
class 1,Y369Q,0
class 1,Y369R,0
class 1,Y369S,0
class 1,Y369T,0
class 1,Y369V,0
class 1,Y369W,0
class 1,N370A,0
class 1,N370D,0
class 1,N370E,0
class 1,N370G,0
class 1,N370H,0
class 1,N370K,0
class 1,N370L,0
class 1,N370M,0
class 1,N370P,0
class 1,N370Q,3.062
class 1,N370R,0
class 1,N370S,0
class 1,N370T,0
class 1,N370Y,0
class 1,S371A,0
class 1,S371C,0
class 1,S371D,1.985
class 1,S371E,0
class 1,S371F,0
class 1,S371G,0
class 1,S371H,0
class 1,S371I,0
class 1,S371K,1.311
class 1,S371L,1.763
class 1,S371M,0
class 1,S371N,0
class 1,S371P,1.761
class 1,S371Q,0
class 1,S371R,0
class 1,S371T,0
class 1,S371V,1.575
class 1,S371W,1.7
class 1,S371Y,1.434
class 1,A372D,2.325
class 1,A372E,0
class 1,A372F,0
class 1,A372G,0
class 1,A372H,2.549
class 1,A372I,0
class 1,A372K,0
class 1,A372L,0
class 1,A372M,0
class 1,A372N,0
class 1,A372P,0
class 1,A372Q,0
class 1,A372R,0
class 1,A372S,0
class 1,A372T,0
class 1,A372V,1.232
class 1,A372W,0
class 1,A372Y,0
class 1,S373A,1.467
class 1,S373C,0
class 1,S373D,0
class 1,S373E,0
class 1,S373F,0
class 1,S373G,0
class 1,S373H,0
class 1,S373I,0
class 1,S373K,0
class 1,S373L,0
class 1,S373M,0
class 1,S373N,0
class 1,S373P,0
class 1,S373Q,1.703
class 1,S373R,0
class 1,S373T,0
class 1,S373V,0
class 1,S373W,0
class 1,S373Y,0
class 1,F374A,0
class 1,F374D,1.603
class 1,F374H,3.545
class 1,F374I,0
class 1,F374L,1.548
class 1,F374M,0
class 1,F374N,2.082
class 1,F374Q,0
class 1,F374T,1.688
class 1,F374V,0
class 1,F374W,0
class 1,F374Y,1.353
class 1,S375A,1.918
class 1,S375D,0
class 1,S375E,0
class 1,S375G,0
class 1,S375H,1.273
class 1,S375K,0
class 1,S375N,0
class 1,S375Q,0
class 1,S375T,0
class 1,T376C,0
class 1,T376D,0
class 1,T376F,2.682
class 1,T376H,0
class 1,T376I,0
class 1,T376K,0
class 1,T376L,0
class 1,T376M,0
class 1,T376N,1.421
class 1,T376S,0
class 1,T376V,0
class 1,T376Y,2.175
class 1,F377I,0
class 1,F377L,0
class 1,F377M,0
class 1,F377V,0
class 1,F377W,1.734
class 1,K378A,1.574
class 1,K378D,3.129
class 1,K378E,0
class 1,K378H,1.887
class 1,K378I,1.367
class 1,K378L,1.361
class 1,K378M,0
class 1,K378N,0
class 1,K378Q,0
class 1,K378R,0
class 1,K378S,1.343
class 1,K378T,0
class 1,K378V,0
class 1,Y380F,0
class 1,Y380W,0
class 1,G381H,0
class 1,G381K,0
class 1,G381N,0
class 1,G381Q,0
class 1,G381R,0
class 1,G381S,2.479
class 1,V382C,0
class 1,V382F,0
class 1,V382I,2.027
class 1,V382L,0
class 1,V382T,0
class 1,V382Y,0
class 1,S383C,2.397
class 1,S383D,0
class 1,S383E,0
class 1,S383H,0
class 1,S383I,0
class 1,S383K,2.85
class 1,S383L,1.333
class 1,S383M,2.76
class 1,S383N,2.219
class 1,S383P,0
class 1,S383Q,1.765
class 1,S383R,0
class 1,S383T,0
class 1,S383V,0
class 1,S383Y,0
class 1,P384A,0
class 1,P384E,0
class 1,P384F,0
class 1,P384G,1.425
class 1,P384H,0
class 1,P384I,0
class 1,P384K,0
class 1,P384L,0
class 1,P384M,1.714
class 1,P384N,1.411
class 1,P384Q,0
class 1,P384R,0
class 1,P384S,0
class 1,P384T,1.539
class 1,P384V,0
class 1,P384W,1.948
class 1,P384Y,0
class 1,T385A,0
class 1,T385C,0
class 1,T385D,1.508
class 1,T385E,0
class 1,T385F,2.309
class 1,T385G,0
class 1,T385H,1.288
class 1,T385I,2.503
class 1,T385K,0
class 1,T385L,0
class 1,T385M,0
class 1,T385N,0
class 1,T385P,2.122
class 1,T385Q,0
class 1,T385R,1.706
class 1,T385S,0
class 1,T385V,0
class 1,T385W,0
class 1,T385Y,2.278
class 1,K386A,2.369
class 1,K386C,0
class 1,K386D,1.694
class 1,K386E,1.497
class 1,K386G,0
class 1,K386H,0
class 1,K386I,0
class 1,K386L,0
class 1,K386M,1.893
class 1,K386N,1.344
class 1,K386Q,0
class 1,K386R,0
class 1,K386S,0
class 1,K386T,0
class 1,K386V,1.246
class 1,K386Y,1.681
class 1,L387I,0
class 1,L387M,0
class 1,N388A,1.819
class 1,N388D,2.074
class 1,N388E,0
class 1,N388G,0
class 1,N388H,0
class 1,N388K,0
class 1,N388L,1.243
class 1,N388M,0
class 1,N388P,1.664
class 1,N388Q,0
class 1,N388R,0
class 1,N388S,0
class 1,N388T,1.317
class 1,N388V,0
class 1,D389A,1.288
class 1,D389C,0
class 1,D389E,1.383
class 1,D389F,0
class 1,D389G,1.412
class 1,D389H,1.65
class 1,D389K,0
class 1,D389L,1.232
class 1,D389M,1.975
class 1,D389N,3.834
class 1,D389Q,0
class 1,D389R,0
class 1,D389S,0
class 1,D389T,1.437
class 1,D389W,0
class 1,D389Y,0
class 1,L390A,0
class 1,L390C,1.76
class 1,L390D,2.311
class 1,L390E,0
class 1,L390F,0
class 1,L390G,0
class 1,L390H,0
class 1,L390I,0
class 1,L390K,2.063
class 1,L390M,2.213
class 1,L390N,0
class 1,L390Q,0
class 1,L390R,0
class 1,L390S,1.747
class 1,L390T,0
class 1,L390V,0
class 1,L390W,0
class 1,L390Y,1.592
class 1,C391A,0
class 1,C391D,0
class 1,C391E,0
class 1,C391F,0
class 1,C391G,0
class 1,C391H,0
class 1,C391I,0
class 1,C391K,0
class 1,C391L,0
class 1,C391M,1.665
class 1,C391N,0
class 1,C391P,0
class 1,C391Q,0
class 1,C391R,1.442
class 1,C391S,0
class 1,C391T,2.017
class 1,C391V,0
class 1,C391W,1.825
class 1,C391Y,0
class 1,F392A,0
class 1,F392C,0
class 1,F392H,0
class 1,F392I,0
class 1,F392L,0
class 1,F392M,0
class 1,F392N,0
class 1,F392P,2.908
class 1,F392S,0
class 1,F392T,0
class 1,F392V,0
class 1,F392W,0
class 1,F392Y,0
class 1,T393A,0
class 1,T393C,1.207
class 1,T393D,1.805
class 1,T393E,0
class 1,T393G,0
class 1,T393H,1.447
class 1,T393I,2.128
class 1,T393K,0
class 1,T393L,0
class 1,T393M,1.724
class 1,T393N,2.543
class 1,T393Q,0
class 1,T393R,0
class 1,T393S,0
class 1,T393V,1.792
class 1,T393Y,0
class 1,N394A,1.763
class 1,N394C,0
class 1,N394D,1.246
class 1,N394E,0
class 1,N394F,0
class 1,N394G,1.979
class 1,N394H,2.117
class 1,N394I,0
class 1,N394K,3.216
class 1,N394L,1.595
class 1,N394M,0
class 1,N394P,2.201
class 1,N394Q,0
class 1,N394R,0
class 1,N394S,0
class 1,N394T,0
class 1,N394V,0
class 1,N394W,0
class 1,N394Y,0
class 1,V395A,1.788
class 1,V395G,0
class 1,V395I,0
class 1,V395L,0
class 1,V395M,0
class 1,Y396C,1.725
class 1,Y396F,0
class 1,Y396H,0
class 1,Y396I,0
class 1,Y396L,2.081
class 1,Y396M,0
class 1,Y396N,0
class 1,Y396S,3.638
class 1,Y396T,3.299
class 1,Y396V,0
class 1,Y396W,0
class 1,A397C,0
class 1,A397I,0
class 1,A397L,0
class 1,A397V,0
class 1,S399T,0
class 1,V401I,0
class 1,I402C,3.496
class 1,I402L,0
class 1,I402V,1.726
class 1,R403A,2.152
class 1,R403K,2.777
class 1,R403M,2.247
class 1,R403S,2.034
class 1,R403T,1.981
class 1,G404A,0
class 1,G404K,1.42
class 1,D405A,0
class 1,D405E,5.194
class 1,D405K,8.068
class 1,D405N,5.906
class 1,D405R,10.85
class 1,D405S,3.826
class 1,E406D,0
class 1,E406Q,0
class 1,E406W,0
class 1,V407I,3.169
class 1,V407L,0
class 1,R408A,0
class 1,R408C,0
class 1,R408E,2.375
class 1,R408F,0
class 1,R408G,0
class 1,R408H,3.227
class 1,R408K,0
class 1,R408L,0
class 1,R408P,0
class 1,R408S,0
class 1,R408T,3.183
class 1,R408V,0
class 1,R408W,5.262
class 1,Q409E,1.904
class 1,I410V,0
class 1,A411E,0
class 1,A411G,3.605
class 1,A411Q,0
class 1,A411R,0
class 1,A411S,1.628
class 1,G413A,2.608
class 1,G413C,0
class 1,G413F,0
class 1,G413H,0
class 1,G413K,2.635
class 1,G413L,2.432
class 1,G413M,2.887
class 1,G413N,0
class 1,G413Q,0
class 1,G413R,1.823
class 1,G413S,1.604
class 1,G413Y,0
class 1,Q414A,2.277
class 1,Q414C,0
class 1,Q414E,2.029
class 1,Q414G,2.709
class 1,Q414I,0
class 1,Q414K,0
class 1,Q414M,0
class 1,Q414R,0
class 1,Q414S,0
class 1,Q414T,1.567
class 1,Q414V,1.329
class 1,T415A,2.599
class 1,T415D,5.617
class 1,T415E,2.404
class 1,T415G,7.813
class 1,T415H,0
class 1,T415I,0
class 1,T415K,0
class 1,T415M,0
class 1,T415N,2.73
class 1,T415Q,0
class 1,T415R,2.438
class 1,T415S,2.318
class 1,T415V,0
class 1,T415Y,1.512
class 1,K417A,12.37
class 1,K417C,10.8
class 1,K417D,12.3
class 1,K417E,11.47
class 1,K417F,11.7
class 1,K417G,11.77
class 1,K417H,11.21
class 1,K417I,12.78
class 1,K417L,12.13
class 1,K417M,10.1
class 1,K417N,12.5
class 1,K417P,11.51
class 1,K417Q,9.414
class 1,K417R,4.697
class 1,K417S,10.72
class 1,K417T,11.17
class 1,K417V,12.3
class 1,K417W,11.11
class 1,K417Y,11.81
class 1,I418V,0
class 1,A419P,1.225
class 1,A419S,0
class 1,D420A,11.26
class 1,D420E,11.2
class 1,D420K,11.12
class 1,D420M,11.54
class 1,D420N,11.67
class 1,D420Q,11.99
class 1,D420R,11.33
class 1,D420S,9.211
class 1,Y421F,1.713
class 1,Y421L,9.311
class 1,Y421M,3.206
class 1,Y421W,11.72
class 1,K424H,0
class 1,K424R,3.645
class 1,L425I,0
class 1,L425M,0
class 1,L425V,0
class 1,D427A,0
class 1,D427E,1.592
class 1,D427F,0
class 1,D427G,2.988
class 1,D427H,0
class 1,D427I,3.296
class 1,D427K,2.795
class 1,D427L,0
class 1,D427M,0
class 1,D427N,2.549
class 1,D427P,0
class 1,D427Q,4.618
class 1,D427R,3.454
class 1,D427S,0
class 1,D427T,0
class 1,D427V,2.384
class 1,D427W,0
class 1,D427Y,0
class 1,D428A,1.411
class 1,D428E,0
class 1,D428G,2.762
class 1,D428H,1.244
class 1,D428K,0
class 1,D428N,0
class 1,D428P,3.698
class 1,D428Q,0
class 1,D428R,1.273
class 1,D428S,0
class 1,D428T,1.474
class 1,F429W,2.2
class 1,T430A,0
class 1,T430C,1.581
class 1,T430F,0
class 1,T430H,1.927
class 1,T430I,0
class 1,T430K,1.767
class 1,T430L,2.606
class 1,T430M,0
class 1,T430N,0
class 1,T430Q,0
class 1,T430R,1.382
class 1,T430S,2.2
class 1,T430V,0
class 1,T430W,2.451
class 1,T430Y,0
class 1,V433I,0
class 1,I434F,0
class 1,I434L,0
class 1,I434M,0
class 1,I434V,1.397
class 1,I434W,0
class 1,I434Y,0
class 1,A435S,0
class 1,A435T,0
class 1,N437P,1.946
class 1,S438A,0
class 1,S438T,0
class 1,N439D,0
class 1,N439H,0
class 1,N439L,1.622
class 1,N439M,2.556
class 1,N439Q,0
class 1,N439S,0
class 1,N439T,1.401
class 1,N439V,0
class 1,N439Y,0
class 1,N440A,1.451
class 1,N440C,0
class 1,N440D,1.544
class 1,N440E,0
class 1,N440F,1.587
class 1,N440G,0
class 1,N440H,2.516
class 1,N440I,2.55
class 1,N440K,0
class 1,N440L,0
class 1,N440M,0
class 1,N440P,0
class 1,N440Q,1.283
class 1,N440R,2.286
class 1,N440S,0
class 1,N440T,0
class 1,N440V,0
class 1,N440Y,1.987
class 1,L441A,0
class 1,L441F,1.409
class 1,L441H,4.57
class 1,L441I,0
class 1,L441Q,0
class 1,L441R,0
class 1,L441S,0
class 1,L441V,0
class 1,S443A,2.676
class 1,S443C,0
class 1,S443G,0
class 1,S443N,0
class 1,S443Q,0
class 1,S443T,0
class 1,S443V,0
class 1,S443Y,1.566
class 1,K444A,0
class 1,K444C,0
class 1,K444D,0
class 1,K444E,1.283
class 1,K444F,0
class 1,K444G,0
class 1,K444H,0
class 1,K444I,0
class 1,K444L,0
class 1,K444M,0
class 1,K444N,0
class 1,K444P,0
class 1,K444Q,0
class 1,K444R,1.329
class 1,K444S,0
class 1,K444T,0
class 1,K444V,0
class 1,K444W,0
class 1,K444Y,0
class 1,V445A,1.498
class 1,V445C,3.51
class 1,V445D,0
class 1,V445E,1.221
class 1,V445F,0
class 1,V445G,0
class 1,V445H,0
class 1,V445I,0
class 1,V445K,1.375
class 1,V445L,0
class 1,V445M,2.018
class 1,V445N,0
class 1,V445P,2.857
class 1,V445Q,1.461
class 1,V445R,0
class 1,V445S,0
class 1,V445T,0
class 1,V445W,3.693
class 1,V445Y,0
class 1,G446A,0
class 1,G446C,1.294
class 1,G446D,0
class 1,G446E,0
class 1,G446F,0
class 1,G446H,0
class 1,G446I,0
class 1,G446K,0
class 1,G446L,2.549
class 1,G446M,2.82
class 1,G446N,0
class 1,G446P,2.468
class 1,G446Q,0
class 1,G446R,0
class 1,G446S,0
class 1,G446T,0
class 1,G446V,0
class 1,G446W,3.347
class 1,G446Y,0
class 1,G447A,0
class 1,G447C,0
class 1,G447D,0
class 1,G447E,0
class 1,G447F,0
class 1,G447H,0
class 1,G447I,0
class 1,G447K,0
class 1,G447L,0
class 1,G447M,0
class 1,G447N,1.226
class 1,G447P,0
class 1,G447Q,1.511
class 1,G447R,0
class 1,G447S,0
class 1,G447T,0
class 1,G447V,0
class 1,G447Y,0
class 1,N448A,0
class 1,N448C,1.497
class 1,N448D,0
class 1,N448E,0
class 1,N448G,0
class 1,N448H,0
class 1,N448K,0
class 1,N448P,0
class 1,N448Q,0
class 1,N448R,1.24
class 1,N448S,0
class 1,N448T,0
class 1,N448V,0
class 1,N448Y,0
class 1,Y449A,1.285
class 1,Y449C,0
class 1,Y449D,0
class 1,Y449E,0
class 1,Y449F,1.356
class 1,Y449G,0
class 1,Y449H,0
class 1,Y449I,0
class 1,Y449K,0
class 1,Y449L,0
class 1,Y449M,0
class 1,Y449N,0
class 1,Y449P,0
class 1,Y449Q,0
class 1,Y449R,1.312
class 1,Y449S,1.987
class 1,Y449T,0
class 1,Y449V,1.458
class 1,Y449W,1.224
class 1,N450A,0
class 1,N450C,0
class 1,N450D,2.616
class 1,N450E,1.391
class 1,N450F,1.311
class 1,N450G,1.495
class 1,N450H,1.973
class 1,N450I,1.914
class 1,N450K,0
class 1,N450L,1.785
class 1,N450M,0
class 1,N450P,0
class 1,N450Q,0
class 1,N450R,0
class 1,N450S,0
class 1,N450T,0
class 1,N450V,2.463
class 1,N450W,0
class 1,N450Y,0
class 1,Y451F,0
class 1,Y451H,0
class 1,Y451I,0
class 1,Y451L,0
class 1,Y451M,0
class 1,Y451Q,3.434
class 1,L452A,0
class 1,L452C,0
class 1,L452D,0
class 1,L452E,1.418
class 1,L452F,0
class 1,L452G,2.751
class 1,L452H,0
class 1,L452I,0
class 1,L452K,0
class 1,L452M,2.297
class 1,L452N,2.824
class 1,L452Q,2.272
class 1,L452R,0
class 1,L452S,0
class 1,L452T,0
class 1,L452V,0
class 1,L452W,1.202
class 1,L452Y,0
class 1,Y453A,1.491
class 1,Y453F,2.796
class 1,Y453H,0
class 1,Y453K,0
class 1,Y453M,0
class 1,Y453R,2.287
class 1,Y453S,3.921
class 1,Y453V,1.853
class 1,L455A,1.449
class 1,L455C,0
class 1,L455E,11.77
class 1,L455F,0
class 1,L455G,7.635
class 1,L455H,5.13
class 1,L455I,0
class 1,L455M,0
class 1,L455P,1.321
class 1,L455R,10.98
class 1,L455S,0
class 1,L455T,0
class 1,L455V,0
class 1,L455W,10.24
class 1,L455Y,3.709
class 1,F456A,11.25
class 1,F456C,10.89
class 1,F456G,12.12
class 1,F456H,12.3
class 1,F456I,1.795
class 1,F456K,10.84
class 1,F456L,0
class 1,F456Q,11.29
class 1,F456R,11.8
class 1,F456T,9.74
class 1,F456V,10.26
class 1,F456W,0
class 1,F456Y,1.258
class 1,K458A,0
class 1,K458D,1.707
class 1,K458E,0
class 1,K458F,0
class 1,K458G,0
class 1,K458H,2.775
class 1,K458I,2.473
class 1,K458L,0
class 1,K458M,0
class 1,K458N,1.698
class 1,K458P,4.257
class 1,K458Q,0
class 1,K458R,0
class 1,K458S,0
class 1,K458T,0
class 1,K458V,0
class 1,K458W,0
class 1,K458Y,0
class 1,S459A,1.588
class 1,S459C,0
class 1,S459D,2.192
class 1,S459E,0
class 1,S459F,0
class 1,S459G,2.142
class 1,S459H,0
class 1,S459I,0
class 1,S459K,0
class 1,S459L,0
class 1,S459M,1.427
class 1,S459N,0
class 1,S459P,7.293
class 1,S459Q,1.948
class 1,S459R,0
class 1,S459T,0
class 1,S459V,0
class 1,S459Y,0
class 1,N460A,11.11
class 1,N460C,8.526
class 1,N460D,4.367
class 1,N460E,10.23
class 1,N460F,10.66
class 1,N460G,6.984
class 1,N460H,10.18
class 1,N460I,11.24
class 1,N460K,12.44
class 1,N460L,11.61
class 1,N460M,10.6
class 1,N460P,10.48
class 1,N460Q,9.719
class 1,N460R,11.52
class 1,N460S,10.01
class 1,N460T,11.75
class 1,N460V,10.63
class 1,N460Y,8.462
class 1,L461I,3.563
class 1,L461M,0
class 1,L461V,1.83
class 1,K462A,0
class 1,K462C,0
class 1,K462D,0
class 1,K462E,0
class 1,K462F,2.593
class 1,K462G,2.618
class 1,K462H,0
class 1,K462I,0
class 1,K462L,0
class 1,K462M,0
class 1,K462N,1.861
class 1,K462Q,0
class 1,K462R,0
class 1,K462S,0
class 1,K462T,0
class 1,K462V,0
class 1,K462Y,0
class 1,P463A,3.255
class 1,F464A,2.131
class 1,F464G,0
class 1,F464H,0
class 1,F464L,0
class 1,F464M,1.381
class 1,F464N,0
class 1,F464Q,0
class 1,F464S,0
class 1,F464W,0
class 1,F464Y,0
class 1,E465D,3.468
class 1,E465G,0
class 1,E465H,0
class 1,E465Q,0
class 1,R466H,0
class 1,R466K,0
class 1,R466Q,1.578
class 1,I468A,0
class 1,I468C,0
class 1,I468D,0
class 1,I468E,0
class 1,I468G,0
class 1,I468H,0
class 1,I468K,0
class 1,I468L,0
class 1,I468M,0
class 1,I468N,0
class 1,I468P,1.224
class 1,I468Q,0
class 1,I468R,0
class 1,I468S,1.263
class 1,I468T,0
class 1,I468V,0
class 1,I468Y,1.592
class 1,S469A,0
class 1,S469C,2.398
class 1,S469D,2.533
class 1,S469E,0
class 1,S469G,0
class 1,S469K,0
class 1,S469N,1.874
class 1,S469Q,0
class 1,S469R,0
class 1,S469T,0
class 1,T470A,0
class 1,T470C,0
class 1,T470D,1.308
class 1,T470E,0
class 1,T470F,0
class 1,T470G,0
class 1,T470H,0
class 1,T470I,0
class 1,T470K,1.525
class 1,T470L,1.374
class 1,T470M,0
class 1,T470N,2.327
class 1,T470Q,0
class 1,T470R,0
class 1,T470S,1.458
class 1,T470V,0
class 1,T470Y,1.202
class 1,E471A,1.287
class 1,E471C,0
class 1,E471D,0
class 1,E471F,2.204
class 1,E471G,1.833
class 1,E471H,0
class 1,E471I,0
class 1,E471K,0
class 1,E471L,0
class 1,E471M,0
class 1,E471N,2.157
class 1,E471P,2.515
class 1,E471Q,0
class 1,E471R,0
class 1,E471S,0
class 1,E471T,0
class 1,E471V,0
class 1,E471Y,0
class 1,I472A,2.868
class 1,I472C,6.422
class 1,I472D,8.486
class 1,I472E,6.787
class 1,I472F,2.655
class 1,I472G,10.81
class 1,I472H,3.367
class 1,I472K,5.203
class 1,I472L,1.984
class 1,I472M,0
class 1,I472N,5.233
class 1,I472P,4.951
class 1,I472Q,3.684
class 1,I472S,6.562
class 1,I472T,2.44
class 1,I472V,0
class 1,I472W,4.013
class 1,I472Y,2.464
class 1,Y473A,7.973
class 1,Y473C,10.67
class 1,Y473E,10.51
class 1,Y473F,2.309
class 1,Y473H,2.795
class 1,Y473I,10.83
class 1,Y473L,9.809
class 1,Y473M,8.53
class 1,Y473N,9.508
class 1,Y473Q,11.08
class 1,Y473S,10.5
class 1,Y473T,9.988
class 1,Y473V,10.53
class 1,Y473W,0
class 1,Q474A,0
class 1,Q474D,0
class 1,Q474E,0
class 1,Q474G,0
class 1,Q474H,0
class 1,Q474K,0
class 1,Q474M,1.797
class 1,Q474N,0
class 1,Q474P,0
class 1,Q474R,0
class 1,Q474S,0
class 1,Q474T,0
class 1,Q474V,0
class 1,A475C,0
class 1,A475D,10.18
class 1,A475E,12.23
class 1,A475F,10.85
class 1,A475G,4.135
class 1,A475I,11.11
class 1,A475K,10.97
class 1,A475L,0
class 1,A475M,9.462
class 1,A475N,8.574
class 1,A475Q,9.603
class 1,A475R,12.23
class 1,A475S,3.658
class 1,A475T,3.363
class 1,A475V,7.163
class 1,A475Y,11.02
class 1,G476A,2.81
class 1,G476D,1.687
class 1,G476E,8.813
class 1,G476H,0
class 1,G476K,7.824
class 1,G476N,5.138
class 1,G476Q,4.78
class 1,G476R,7.91
class 1,G476S,0
class 1,G476T,10.27
class 1,S477A,0
class 1,S477C,0
class 1,S477D,0
class 1,S477F,0
class 1,S477G,0
class 1,S477H,0
class 1,S477I,0
class 1,S477L,1.484
class 1,S477N,0
class 1,S477P,0
class 1,S477Q,0
class 1,S477R,1.339
class 1,S477T,1.692
class 1,S477V,0
class 1,S477W,0
class 1,S477Y,1.508
class 1,T478A,0
class 1,T478C,0
class 1,T478D,0
class 1,T478E,0
class 1,T478F,0
class 1,T478G,0
class 1,T478H,0
class 1,T478I,0
class 1,T478K,0
class 1,T478L,0
class 1,T478M,0
class 1,T478N,2.064
class 1,T478P,0
class 1,T478Q,0
class 1,T478R,0
class 1,T478S,0
class 1,T478V,1.358
class 1,T478W,1.758
class 1,T478Y,0
class 1,P479A,0
class 1,P479C,1.597
class 1,P479D,0
class 1,P479E,0
class 1,P479F,2.394
class 1,P479G,0
class 1,P479H,0
class 1,P479I,2.041
class 1,P479K,1.67
class 1,P479L,2.902
class 1,P479M,1.899
class 1,P479N,2.165
class 1,P479Q,0
class 1,P479R,3.058
class 1,P479S,0
class 1,P479T,2.377
class 1,P479V,2
class 1,P479Y,0
class 1,N481A,0
class 1,N481C,2.077
class 1,N481D,0
class 1,N481E,0
class 1,N481F,0
class 1,N481G,0
class 1,N481H,0
class 1,N481I,1.614
class 1,N481K,0
class 1,N481L,1.614
class 1,N481M,1.966
class 1,N481P,0
class 1,N481Q,2.393
class 1,N481R,2.726
class 1,N481S,0
class 1,N481T,0
class 1,N481V,2.401
class 1,N481Y,0
class 1,G482A,0
class 1,G482C,1.213
class 1,G482D,0
class 1,G482F,0
class 1,G482H,0
class 1,G482K,0
class 1,G482L,3.534
class 1,G482N,0
class 1,G482P,3.975
class 1,G482Q,1.439
class 1,G482R,1.796
class 1,G482S,0
class 1,G482T,2.306
class 1,G482Y,3.235
class 1,V483A,0
class 1,V483C,0
class 1,V483D,0
class 1,V483E,1.838
class 1,V483F,0
class 1,V483G,2.776
class 1,V483H,0
class 1,V483I,0
class 1,V483K,0
class 1,V483L,0
class 1,V483M,1.236
class 1,V483N,0
class 1,V483Q,1.768
class 1,V483R,0
class 1,V483S,1.321
class 1,V483T,1.674
class 1,V483W,0
class 1,V483Y,0
class 1,E484A,3.427
class 1,E484C,3.354
class 1,E484D,2.723
class 1,E484F,4.434
class 1,E484G,0
class 1,E484H,4.053
class 1,E484I,4.68
class 1,E484K,0
class 1,E484L,2.162
class 1,E484M,1.379
class 1,E484N,1.823
class 1,E484P,2.569
class 1,E484Q,0
class 1,E484R,0
class 1,E484S,0
class 1,E484T,0
class 1,E484V,3.014
class 1,E484W,6.166
class 1,E484Y,5.772
class 1,G485A,0
class 1,G485C,1.427
class 1,G485D,3.566
class 1,G485E,2.963
class 1,G485H,0
class 1,G485K,0
class 1,G485M,0
class 1,G485N,0
class 1,G485P,9.002
class 1,G485Q,0
class 1,G485R,1.454
class 1,G485S,0
class 1,G485T,3.032
class 1,F486A,6.198
class 1,F486C,7.244
class 1,F486D,3.437
class 1,F486E,3.035
class 1,F486G,8.13
class 1,F486H,2.961
class 1,F486I,4.359
class 1,F486K,8.417
class 1,F486L,2.078
class 1,F486M,2.059
class 1,F486N,4.973
class 1,F486P,5.915
class 1,F486Q,4.79
class 1,F486R,7.708
class 1,F486S,5.635
class 1,F486T,5.013
class 1,F486V,4.969
class 1,F486W,2.64
class 1,F486Y,4.158
class 1,N487A,10.8
class 1,N487D,9.892
class 1,N487E,10.45
class 1,N487F,9.336
class 1,N487G,8.463
class 1,N487H,9.83
class 1,N487K,10.3
class 1,N487L,9.583
class 1,N487M,5.216
class 1,N487Q,8.186
class 1,N487R,10.15
class 1,N487S,11.68
class 1,N487T,11.67
class 1,N487Y,11.23
class 1,Y489F,4.653
class 1,Y489H,10.61
class 1,Y489I,9.746
class 1,Y489L,11.75
class 1,Y489M,10.12
class 1,Y489Q,10.83
class 1,Y489V,12.26
class 1,Y489W,9.141
class 1,F490A,0
class 1,F490C,0
class 1,F490D,0
class 1,F490E,0
class 1,F490G,0
class 1,F490H,0
class 1,F490I,2.401
class 1,F490K,0
class 1,F490L,0
class 1,F490M,2.857
class 1,F490N,0
class 1,F490P,0
class 1,F490Q,4.167
class 1,F490R,0
class 1,F490S,0
class 1,F490T,2.493
class 1,F490V,1.931
class 1,F490W,0
class 1,F490Y,1.68
class 1,L492F,0
class 1,L492I,0
class 1,L492V,2.132
class 1,Q493A,0
class 1,Q493D,0
class 1,Q493E,0
class 1,Q493F,2.175
class 1,Q493G,0
class 1,Q493H,0
class 1,Q493I,2.594
class 1,Q493K,6.271
class 1,Q493L,2.199
class 1,Q493N,0
class 1,Q493R,6.866
class 1,Q493S,0
class 1,Q493T,0
class 1,Q493V,4.821
class 1,Q493W,0
class 1,Q493Y,2.655
class 1,S494A,0
class 1,S494D,0
class 1,S494F,0
class 1,S494G,0
class 1,S494H,2.179
class 1,S494I,0
class 1,S494K,0
class 1,S494M,2.902
class 1,S494N,0
class 1,S494P,4.215
class 1,S494R,0
class 1,S494T,0
class 1,S494V,3.77
class 1,S494W,0
class 1,S494Y,0
class 1,G496A,0
class 1,G496C,0
class 1,G496D,0
class 1,G496E,1.237
class 1,G496F,1.524
class 1,G496H,0
class 1,G496I,0
class 1,G496K,2.513
class 1,G496L,2.54
class 1,G496M,0
class 1,G496N,0
class 1,G496Q,0
class 1,G496R,4.011
class 1,G496S,0
class 1,G496T,0
class 1,G496V,1.869
class 1,G496W,0
class 1,G496Y,0
class 1,Q498A,0
class 1,Q498C,0
class 1,Q498E,0
class 1,Q498F,0
class 1,Q498G,0
class 1,Q498H,2.866
class 1,Q498I,0
class 1,Q498K,0
class 1,Q498L,1.215
class 1,Q498M,0
class 1,Q498N,0
class 1,Q498R,3.017
class 1,Q498S,1.933
class 1,Q498T,0
class 1,Q498V,0
class 1,Q498W,0
class 1,Q498Y,0
class 1,P499A,0
class 1,P499C,0
class 1,P499D,1.644
class 1,P499E,0
class 1,P499G,0
class 1,P499H,0
class 1,P499L,1.586
class 1,P499M,2.19
class 1,P499N,3.041
class 1,P499Q,1.368
class 1,P499R,3.183
class 1,P499S,0
class 1,P499T,0
class 1,P499V,3.26
class 1,P499Y,0
class 1,T500A,0
class 1,T500C,0
class 1,T500D,0
class 1,T500E,0
class 1,T500F,0
class 1,T500G,0
class 1,T500H,1.242
class 1,T500I,0
class 1,T500K,0
class 1,T500L,0
class 1,T500M,1.986
class 1,T500N,0
class 1,T500P,0
class 1,T500Q,0
class 1,T500R,0
class 1,T500S,0
class 1,T500V,0
class 1,T500W,0
class 1,T500Y,0
class 1,N501A,4.128
class 1,N501C,3.735
class 1,N501F,2.337
class 1,N501G,0
class 1,N501H,2.989
class 1,N501I,2.463
class 1,N501L,4.272
class 1,N501M,5.976
class 1,N501P,0
class 1,N501Q,4.006
class 1,N501R,6.836
class 1,N501S,2.463
class 1,N501T,3.936
class 1,N501V,4.25
class 1,N501W,6.157
class 1,N501Y,2.642
class 1,V503A,0
class 1,V503C,1.418
class 1,V503D,0
class 1,V503E,0
class 1,V503F,0
class 1,V503G,0
class 1,V503H,1.203
class 1,V503I,0
class 1,V503K,0
class 1,V503L,0
class 1,V503M,0
class 1,V503N,0
class 1,V503Q,0
class 1,V503R,0
class 1,V503S,2.99
class 1,V503T,0
class 1,V503W,0
class 1,V503Y,0
class 1,G504A,3.485
class 1,G504C,8.003
class 1,G504D,5.592
class 1,G504E,1.54
class 1,G504F,6.008
class 1,G504H,5.53
class 1,G504I,9.115
class 1,G504K,7.43
class 1,G504L,7.674
class 1,G504M,6.948
class 1,G504N,5.977
class 1,G504P,5.697
class 1,G504Q,5.772
class 1,G504R,5.948
class 1,G504S,3.986
class 1,G504T,4.144
class 1,G504V,7.647
class 1,G504W,5.96
class 1,G504Y,4.563
class 1,Y505F,2.149
class 1,Y505H,1.699
class 1,Y505M,0
class 1,Y505N,0
class 1,Y505Q,3.483
class 1,Y505W,2.923
class 1,Q506A,0
class 1,Q506E,0
class 1,Q506H,0
class 1,Q506N,0
class 1,P507A,3.622
class 1,Y508A,2.206
class 1,Y508F,0
class 1,Y508H,0
class 1,Y508M,1.496
class 1,Y508N,0
class 1,Y508T,1.245
class 1,Y508V,1.379
class 1,Y508W,0
class 1,V510I,1.582
class 1,V512I,0
class 1,L513I,0
class 1,L513M,1.744
class 1,S514A,0
class 1,S514C,1.391
class 1,S514F,3.24
class 1,S514G,0
class 1,S514H,2.263
class 1,S514I,0
class 1,S514K,0
class 1,S514L,0
class 1,S514M,1.551
class 1,S514N,1.208
class 1,S514Q,0
class 1,S514R,0
class 1,S514T,0
class 1,S514V,0
class 1,S514W,0
class 1,S514Y,0
class 1,F515L,1.74
class 1,F515M,1.659
class 1,E516D,0
class 1,E516H,3.202
class 1,E516K,0
class 1,E516N,0
class 1,E516P,0
class 1,E516R,0
class 1,E516S,0
class 1,E516T,0
class 1,L517E,2.498
class 1,L517H,0
class 1,L517I,0
class 1,L517K,0
class 1,L517M,0
class 1,L517N,3.075
class 1,L517Q,1.99
class 1,L517R,0
class 1,L517S,0
class 1,L517T,1.393
class 1,L517V,0
class 1,L517Y,0
class 1,L518F,0
class 1,L518H,2.4
class 1,L518I,0
class 1,L518K,0
class 1,L518M,0
class 1,L518N,1.526
class 1,L518P,0
class 1,L518Q,0
class 1,L518R,0
class 1,L518S,1.429
class 1,L518T,1.555
class 1,L518V,0
class 1,L518W,0
class 1,L518Y,0
class 1,H519C,0
class 1,H519D,4.288
class 1,H519F,0
class 1,H519I,0
class 1,H519L,0
class 1,H519N,1.777
class 1,H519P,3.959
class 1,H519R,0
class 1,H519S,0
class 1,H519T,0
class 1,H519V,0
class 1,H519Y,0
class 1,A520C,0
class 1,A520D,3.101
class 1,A520E,1.342
class 1,A520F,1.624
class 1,A520G,0
class 1,A520H,0
class 1,A520K,1.521
class 1,A520L,0
class 1,A520M,0
class 1,A520N,0
class 1,A520P,2.794
class 1,A520R,1.236
class 1,A520S,2.876
class 1,A520T,0
class 1,A520V,0
class 1,A520Y,2.252
class 1,P521C,0
class 1,P521F,0
class 1,P521G,0
class 1,P521H,0
class 1,P521N,0
class 1,P521R,1.503
class 1,P521S,0
class 1,P521T,2.226
class 1,A522C,0
class 1,A522D,0
class 1,A522E,0
class 1,A522G,0
class 1,A522H,0
class 1,A522I,0
class 1,A522K,0
class 1,A522L,0
class 1,A522M,0
class 1,A522P,0
class 1,A522R,1.577
class 1,A522S,0
class 1,A522T,0
class 1,A522V,0
class 1,V524A,3.052
class 1,V524I,1.479
class 1,C525A,0
class 1,C525F,0
class 1,C525I,0
class 1,C525L,0
class 1,C525N,0
class 1,C525R,0
class 1,C525S,0
class 1,G526A,0
class 1,G526D,0
class 1,G526E,0
class 1,G526L,0
class 1,G526N,0
class 1,G526P,0
class 1,G526R,0
class 1,G526S,0
class 1,G526V,0
class 1,G526W,0
class 1,P527A,0
class 1,P527C,0
class 1,P527E,0
class 1,P527F,0
class 1,P527G,1.306
class 1,P527H,1.678
class 1,P527I,1.556
class 1,P527K,0
class 1,P527L,1.784
class 1,P527M,0
class 1,P527N,0
class 1,P527Q,0
class 1,P527R,0
class 1,P527S,0
class 1,P527T,0
class 1,P527V,0
class 1,P527Y,1.623
class 1,K528A,0
class 1,K528C,0
class 1,K528D,0
class 1,K528E,0
class 1,K528G,0
class 1,K528H,1.569
class 1,K528I,0
class 1,K528L,1.659
class 1,K528M,0
class 1,K528N,2.579
class 1,K528P,0
class 1,K528Q,0
class 1,K528R,1.499
class 1,K528S,1.593
class 1,K528T,1.454
class 1,K528V,0
class 1,K528W,0
class 1,K528Y,3.247
class 1,K529C,0
class 1,K529D,1.438
class 1,K529E,0
class 1,K529F,0
class 1,K529G,0
class 1,K529H,0
class 1,K529I,0
class 1,K529L,2.398
class 1,K529M,3.71
class 1,K529N,2.597
class 1,K529P,0
class 1,K529Q,0
class 1,K529R,0
class 1,K529S,1.369
class 1,K529T,2.06
class 1,K529V,1.663
class 1,K529W,0
class 1,K529Y,0
class 1,S530A,0
class 1,S530C,0
class 1,S530D,0
class 1,S530E,0
class 1,S530F,0
class 1,S530G,0
class 1,S530H,0
class 1,S530I,0
class 1,S530K,0
class 1,S530L,0
class 1,S530M,1.312
class 1,S530N,2.471
class 1,S530P,0
class 1,S530Q,0
class 1,S530R,0
class 1,S530T,0
class 1,S530V,0
class 1,S530W,0
class 1,S530Y,0
class 1,T531A,1.253
class 1,T531C,0
class 1,T531D,1.612
class 1,T531E,0
class 1,T531F,2.157
class 1,T531G,0
class 1,T531H,0
class 1,T531I,0
class 1,T531K,0
class 1,T531L,0
class 1,T531M,0
class 1,T531N,0
class 1,T531P,0
class 1,T531Q,0
class 1,T531R,1.612
class 1,T531S,1.448
class 1,T531V,0
class 1,T531W,1.924
class 1,T531Y,0
class 2,N331A,0
class 2,N331D,0
class 2,N331E,0
class 2,N331F,0
class 2,N331G,0
class 2,N331H,0
class 2,N331I,0
class 2,N331K,0
class 2,N331L,0
class 2,N331M,0
class 2,N331P,0
class 2,N331Q,0
class 2,N331R,0
class 2,N331S,0
class 2,N331T,0
class 2,N331V,0
class 2,I332A,0
class 2,I332C,0
class 2,I332D,0
class 2,I332E,0
class 2,I332F,0
class 2,I332G,0
class 2,I332H,0
class 2,I332K,0
class 2,I332L,0
class 2,I332M,0
class 2,I332N,0
class 2,I332P,0
class 2,I332Q,0
class 2,I332R,0
class 2,I332S,0
class 2,I332T,0
class 2,I332V,0
class 2,I332W,0
class 2,I332Y,0
class 2,T333A,0
class 2,T333C,0
class 2,T333D,0
class 2,T333E,0
class 2,T333F,0
class 2,T333G,0
class 2,T333H,0
class 2,T333K,0
class 2,T333L,0
class 2,T333M,0
class 2,T333N,0
class 2,T333P,0
class 2,T333Q,0
class 2,T333R,0
class 2,T333S,0
class 2,T333V,0
class 2,T333W,0
class 2,T333Y,0
class 2,N334A,0
class 2,N334C,0
class 2,N334D,0
class 2,N334E,0
class 2,N334F,0
class 2,N334G,0
class 2,N334H,0
class 2,N334I,0
class 2,N334K,0
class 2,N334L,0
class 2,N334M,0
class 2,N334P,0
class 2,N334Q,0
class 2,N334R,0
class 2,N334S,0
class 2,N334T,0
class 2,N334V,0
class 2,N334Y,0
class 2,L335A,0
class 2,L335C,0
class 2,L335D,0
class 2,L335E,0
class 2,L335F,0
class 2,L335G,0
class 2,L335H,0
class 2,L335I,0
class 2,L335K,0
class 2,L335M,0
class 2,L335N,0
class 2,L335P,0
class 2,L335Q,0
class 2,L335R,0
class 2,L335S,0
class 2,L335T,0
class 2,L335V,0
class 2,L335W,0
class 2,L335Y,0
class 2,C336G,0
class 2,P337A,0
class 2,P337C,0
class 2,P337D,0
class 2,P337E,0
class 2,P337G,0
class 2,P337H,0
class 2,P337K,0
class 2,P337L,0
class 2,P337M,0
class 2,P337N,0
class 2,P337Q,0
class 2,P337R,0
class 2,P337S,0
class 2,P337T,0
class 2,F338I,0
class 2,F338L,0
class 2,F338M,0
class 2,F338W,0
class 2,F338Y,0
class 2,G339A,0
class 2,G339D,0
class 2,G339E,0
class 2,G339F,0
class 2,G339H,0
class 2,G339I,0
class 2,G339K,0
class 2,G339L,0
class 2,G339M,0
class 2,G339N,0
class 2,G339P,0
class 2,G339Q,0
class 2,G339R,0
class 2,G339S,0
class 2,G339T,0
class 2,G339V,0
class 2,G339W,0
class 2,G339Y,0
class 2,E340A,0
class 2,E340D,0
class 2,E340G,0
class 2,E340K,0
class 2,E340L,0
class 2,E340M,0
class 2,E340N,0
class 2,E340P,0
class 2,E340Q,0
class 2,E340S,0
class 2,E340T,0
class 2,V341I,0
class 2,V341L,0
class 2,F342I,0
class 2,F342L,0
class 2,F342M,0
class 2,A344E,0
class 2,A344K,0
class 2,A344N,0
class 2,A344Q,0
class 2,A344R,0
class 2,A344S,0
class 2,T345A,0
class 2,T345D,0
class 2,T345E,0
class 2,T345K,0
class 2,T345P,0
class 2,T345R,0
class 2,T345S,0
class 2,R346A,0
class 2,R346C,0
class 2,R346D,0
class 2,R346E,0
class 2,R346F,0
class 2,R346G,0
class 2,R346H,0
class 2,R346I,0
class 2,R346K,0
class 2,R346L,0
class 2,R346M,0
class 2,R346N,0
class 2,R346Q,0
class 2,R346S,0
class 2,R346T,0
class 2,R346V,0
class 2,R346W,0
class 2,R346Y,0
class 2,F347W,0
class 2,A348D,0
class 2,A348E,0
class 2,A348G,0
class 2,A348H,0
class 2,A348K,0
class 2,A348N,0
class 2,A348P,0
class 2,A348Q,0
class 2,A348S,0
class 2,A348Y,0
class 2,S349N,0
class 2,S349P,0
class 2,Y351F,0
class 2,Y351H,0
class 2,Y351W,0
class 2,A352D,0
class 2,A352E,0
class 2,A352G,0
class 2,A352H,0
class 2,A352K,0
class 2,A352M,0
class 2,A352N,0
class 2,A352Q,0
class 2,A352R,0
class 2,A352S,0
class 2,A352Y,0
class 2,W353F,0
class 2,N354A,0
class 2,N354D,0
class 2,N354G,0
class 2,N354H,0
class 2,N354K,0
class 2,N354R,0
class 2,N354S,0
class 2,N354T,0
class 2,N354V,0
class 2,K356A,0
class 2,K356E,0
class 2,K356H,0
class 2,K356I,0
class 2,K356L,0
class 2,K356M,0
class 2,K356N,0
class 2,K356Q,0
class 2,K356R,0
class 2,K356S,0
class 2,K356T,0
class 2,K356V,0
class 2,K356Y,0
class 2,R357A,0
class 2,R357C,0
class 2,R357D,0
class 2,R357E,0
class 2,R357H,0
class 2,R357I,0
class 2,R357K,0
class 2,R357L,0
class 2,R357M,0
class 2,R357N,0
class 2,R357P,0
class 2,R357Q,0
class 2,R357S,0
class 2,R357T,0
class 2,R357V,0
class 2,R357W,0
class 2,R357Y,0
class 2,I358C,0
class 2,I358F,0
class 2,I358L,0
class 2,I358M,0
class 2,I358V,0
class 2,I358W,0
class 2,I358Y,0
class 2,S359A,0
class 2,S359C,0
class 2,S359D,0
class 2,S359E,0
class 2,S359F,0
class 2,S359G,0
class 2,S359H,0
class 2,S359I,0
class 2,S359K,0
class 2,S359N,0
class 2,S359P,0
class 2,S359Q,0
class 2,S359R,0
class 2,S359T,0
class 2,S359V,0
class 2,S359W,0
class 2,S359Y,0
class 2,N360D,0
class 2,N360E,0
class 2,N360K,0
class 2,N360Q,0
class 2,N360R,0
class 2,N360S,0
class 2,C361N,0
class 2,C361P,0
class 2,V362A,0
class 2,V362C,0
class 2,V362D,0
class 2,V362E,0
class 2,V362F,0
class 2,V362G,0
class 2,V362H,0
class 2,V362I,0
class 2,V362K,0
class 2,V362L,0
class 2,V362M,0
class 2,V362N,0
class 2,V362Q,0
class 2,V362R,0
class 2,V362S,0
class 2,V362T,0
class 2,V362W,0
class 2,V362Y,0
class 2,A363C,0
class 2,A363F,0
class 2,A363G,0
class 2,A363H,0
class 2,A363I,0
class 2,A363L,0
class 2,A363M,0
class 2,A363P,0
class 2,A363Q,0
class 2,A363S,0
class 2,A363T,0
class 2,A363V,0
class 2,A363W,0
class 2,A363Y,0
class 2,Y365A,0
class 2,Y365C,0
class 2,Y365F,0
class 2,Y365G,0
class 2,Y365I,0
class 2,Y365L,0
class 2,Y365M,0
class 2,Y365P,0
class 2,Y365T,0
class 2,Y365V,0
class 2,Y365W,0
class 2,S366A,0
class 2,S366D,0
class 2,S366E,0
class 2,S366F,0
class 2,S366G,0
class 2,S366H,0
class 2,S366I,0
class 2,S366K,0
class 2,S366L,0
class 2,S366M,0
class 2,S366N,0
class 2,S366P,0
class 2,S366Q,0
class 2,S366R,0
class 2,S366T,0
class 2,S366V,0
class 2,S366W,0
class 2,V367A,0
class 2,V367C,0
class 2,V367D,0
class 2,V367E,0
class 2,V367F,0
class 2,V367G,0
class 2,V367H,0
class 2,V367I,0
class 2,V367K,0
class 2,V367L,0
class 2,V367M,0
class 2,V367N,0
class 2,V367P,0
class 2,V367Q,0
class 2,V367R,0
class 2,V367S,0
class 2,V367T,0
class 2,V367W,0
class 2,V367Y,0
class 2,L368F,0
class 2,L368I,0
class 2,L368M,0
class 2,L368V,0
class 2,Y369A,0
class 2,Y369C,0
class 2,Y369D,0
class 2,Y369E,0
class 2,Y369F,0
class 2,Y369G,0
class 2,Y369H,0
class 2,Y369I,0
class 2,Y369K,0
class 2,Y369L,0
class 2,Y369M,0
class 2,Y369N,0
class 2,Y369P,0
class 2,Y369Q,0
class 2,Y369R,0
class 2,Y369S,0
class 2,Y369T,0
class 2,Y369V,0
class 2,Y369W,0
class 2,N370A,0
class 2,N370D,0
class 2,N370E,0
class 2,N370G,0
class 2,N370H,0
class 2,N370K,0
class 2,N370L,0
class 2,N370M,0
class 2,N370P,0
class 2,N370Q,0
class 2,N370R,0
class 2,N370S,0
class 2,N370T,0
class 2,N370Y,0
class 2,S371A,0
class 2,S371C,0
class 2,S371D,0
class 2,S371E,0
class 2,S371F,0
class 2,S371G,0
class 2,S371H,0
class 2,S371I,0
class 2,S371K,0
class 2,S371L,0
class 2,S371M,0
class 2,S371N,0
class 2,S371P,0
class 2,S371Q,0
class 2,S371R,0
class 2,S371T,0
class 2,S371V,0
class 2,S371W,0
class 2,S371Y,0
class 2,A372D,0
class 2,A372E,0
class 2,A372F,0
class 2,A372G,0
class 2,A372H,0
class 2,A372I,0
class 2,A372K,0
class 2,A372L,0
class 2,A372M,0
class 2,A372N,0
class 2,A372P,0
class 2,A372Q,0
class 2,A372R,0
class 2,A372S,0
class 2,A372T,0
class 2,A372V,0
class 2,A372W,0
class 2,A372Y,0
class 2,S373A,0
class 2,S373C,0
class 2,S373D,0
class 2,S373E,0
class 2,S373F,0
class 2,S373G,0
class 2,S373H,0
class 2,S373I,0
class 2,S373K,0
class 2,S373L,0
class 2,S373M,0
class 2,S373N,0
class 2,S373P,0
class 2,S373Q,0
class 2,S373R,0
class 2,S373T,0
class 2,S373V,0
class 2,S373W,0
class 2,S373Y,0
class 2,F374A,0
class 2,F374D,0
class 2,F374H,0
class 2,F374I,0
class 2,F374L,0
class 2,F374M,0
class 2,F374N,0
class 2,F374Q,0
class 2,F374T,0
class 2,F374V,0
class 2,F374W,0
class 2,F374Y,0
class 2,S375A,0
class 2,S375D,0
class 2,S375E,0
class 2,S375G,0
class 2,S375H,0
class 2,S375K,0
class 2,S375N,0
class 2,S375Q,0
class 2,S375T,0
class 2,T376C,0
class 2,T376D,0
class 2,T376F,0
class 2,T376H,0
class 2,T376I,0
class 2,T376K,0
class 2,T376L,0
class 2,T376M,0
class 2,T376N,0
class 2,T376S,0
class 2,T376V,0
class 2,T376Y,0
class 2,F377I,0
class 2,F377L,0
class 2,F377M,0
class 2,F377V,0
class 2,F377W,0
class 2,K378A,0
class 2,K378D,0
class 2,K378E,0
class 2,K378H,0
class 2,K378I,0
class 2,K378L,0
class 2,K378M,0
class 2,K378N,0
class 2,K378Q,0
class 2,K378R,0
class 2,K378S,0
class 2,K378T,0
class 2,K378V,0
class 2,Y380F,0
class 2,Y380W,0
class 2,G381H,0
class 2,G381K,0
class 2,G381N,0
class 2,G381Q,0
class 2,G381R,0
class 2,G381S,0
class 2,V382C,0
class 2,V382F,0
class 2,V382I,0
class 2,V382L,0
class 2,V382T,0
class 2,V382Y,0
class 2,S383C,0
class 2,S383D,0
class 2,S383E,0
class 2,S383H,0
class 2,S383I,0
class 2,S383K,0
class 2,S383L,0
class 2,S383M,0
class 2,S383N,0
class 2,S383P,0
class 2,S383Q,0
class 2,S383R,0
class 2,S383T,0
class 2,S383V,0
class 2,S383Y,0
class 2,P384A,0
class 2,P384E,0
class 2,P384F,0
class 2,P384G,0
class 2,P384H,0
class 2,P384I,0
class 2,P384K,0
class 2,P384L,0
class 2,P384M,0
class 2,P384N,0
class 2,P384Q,0
class 2,P384R,0
class 2,P384S,0
class 2,P384T,0
class 2,P384V,0
class 2,P384W,0
class 2,P384Y,0
class 2,T385A,0
class 2,T385C,0
class 2,T385D,0
class 2,T385E,0
class 2,T385F,0
class 2,T385G,0
class 2,T385H,0
class 2,T385I,0
class 2,T385K,0
class 2,T385L,0
class 2,T385M,0
class 2,T385N,0
class 2,T385P,0
class 2,T385Q,0
class 2,T385R,0
class 2,T385S,0
class 2,T385V,0
class 2,T385W,0
class 2,T385Y,0
class 2,K386A,0
class 2,K386C,0
class 2,K386D,0
class 2,K386E,0
class 2,K386G,0
class 2,K386H,0
class 2,K386I,0
class 2,K386L,0
class 2,K386M,0
class 2,K386N,0
class 2,K386Q,0
class 2,K386R,0
class 2,K386S,0
class 2,K386T,0
class 2,K386V,0
class 2,K386Y,0
class 2,L387I,0
class 2,L387M,0
class 2,N388A,0
class 2,N388D,0
class 2,N388E,0
class 2,N388G,0
class 2,N388H,0
class 2,N388K,0
class 2,N388L,0
class 2,N388M,0
class 2,N388P,0
class 2,N388Q,0
class 2,N388R,0
class 2,N388S,0
class 2,N388T,0
class 2,N388V,0
class 2,D389A,0
class 2,D389C,0
class 2,D389E,0
class 2,D389F,0
class 2,D389G,0
class 2,D389H,0
class 2,D389K,0
class 2,D389L,0
class 2,D389M,0
class 2,D389N,0
class 2,D389Q,0
class 2,D389R,0
class 2,D389S,0
class 2,D389T,0
class 2,D389W,0
class 2,D389Y,0
class 2,L390A,0
class 2,L390C,0
class 2,L390D,0
class 2,L390E,0
class 2,L390F,0
class 2,L390G,0
class 2,L390H,0
class 2,L390I,0
class 2,L390K,0
class 2,L390M,0
class 2,L390N,0
class 2,L390Q,0
class 2,L390R,0
class 2,L390S,0
class 2,L390T,0
class 2,L390V,0
class 2,L390W,0
class 2,L390Y,0
class 2,C391A,0
class 2,C391D,0
class 2,C391E,0
class 2,C391F,1.251
class 2,C391G,0
class 2,C391H,0
class 2,C391I,0
class 2,C391K,0
class 2,C391L,0
class 2,C391M,0
class 2,C391N,0
class 2,C391P,0
class 2,C391Q,0
class 2,C391R,0
class 2,C391S,0
class 2,C391T,0
class 2,C391V,0
class 2,C391W,0
class 2,C391Y,0
class 2,F392A,0
class 2,F392C,0
class 2,F392H,0
class 2,F392I,0
class 2,F392L,0
class 2,F392M,0
class 2,F392N,0
class 2,F392P,0
class 2,F392S,0
class 2,F392T,0
class 2,F392V,0
class 2,F392W,0
class 2,F392Y,0
class 2,T393A,0
class 2,T393C,0
class 2,T393D,0
class 2,T393E,0
class 2,T393G,0
class 2,T393H,0
class 2,T393I,0
class 2,T393K,0
class 2,T393L,0
class 2,T393M,0
class 2,T393N,0
class 2,T393Q,0
class 2,T393R,0
class 2,T393S,0
class 2,T393V,0
class 2,T393Y,0
class 2,N394A,0
class 2,N394C,0
class 2,N394D,0
class 2,N394E,0
class 2,N394F,0
class 2,N394G,0
class 2,N394H,0
class 2,N394I,0
class 2,N394K,0
class 2,N394L,0
class 2,N394M,0
class 2,N394P,0
class 2,N394Q,0
class 2,N394R,0
class 2,N394S,0
class 2,N394T,0
class 2,N394V,0
class 2,N394W,0
class 2,N394Y,0
class 2,V395A,0
class 2,V395G,0
class 2,V395I,0
class 2,V395L,0
class 2,V395M,0
class 2,Y396C,0
class 2,Y396F,0
class 2,Y396H,0
class 2,Y396I,0
class 2,Y396L,0
class 2,Y396M,0
class 2,Y396N,0
class 2,Y396S,0
class 2,Y396T,0
class 2,Y396V,0
class 2,Y396W,0
class 2,A397C,0
class 2,A397I,0
class 2,A397L,0
class 2,A397V,0
class 2,S399T,0
class 2,V401I,0
class 2,I402C,0
class 2,I402L,0
class 2,I402V,0
class 2,R403A,0
class 2,R403K,0
class 2,R403M,0
class 2,R403S,0
class 2,R403T,0
class 2,G404A,0
class 2,G404K,0
class 2,D405A,0
class 2,D405E,0
class 2,D405K,0
class 2,D405N,0
class 2,D405R,0
class 2,D405S,0
class 2,E406D,0
class 2,E406Q,0
class 2,E406W,0
class 2,V407I,0
class 2,V407L,0
class 2,R408A,0
class 2,R408C,0
class 2,R408E,0
class 2,R408F,0
class 2,R408G,0
class 2,R408H,0
class 2,R408K,0
class 2,R408L,0
class 2,R408P,0
class 2,R408S,0
class 2,R408T,0
class 2,R408V,0
class 2,R408W,0
class 2,Q409E,0
class 2,I410V,0
class 2,A411E,0
class 2,A411G,0
class 2,A411Q,0
class 2,A411R,0
class 2,A411S,0
class 2,G413A,0
class 2,G413C,0
class 2,G413F,0
class 2,G413H,0
class 2,G413K,0
class 2,G413L,0
class 2,G413M,0
class 2,G413N,0
class 2,G413Q,0
class 2,G413R,0
class 2,G413S,0
class 2,G413Y,0
class 2,Q414A,0
class 2,Q414C,0
class 2,Q414E,0
class 2,Q414G,0
class 2,Q414I,0
class 2,Q414K,0
class 2,Q414M,0
class 2,Q414R,0
class 2,Q414S,0
class 2,Q414T,0
class 2,Q414V,0
class 2,T415A,0
class 2,T415D,0
class 2,T415E,0
class 2,T415G,0
class 2,T415H,0
class 2,T415I,0
class 2,T415K,0
class 2,T415M,0
class 2,T415N,0
class 2,T415Q,0
class 2,T415R,0
class 2,T415S,0
class 2,T415V,0
class 2,T415Y,0
class 2,K417A,0
class 2,K417C,0
class 2,K417D,0
class 2,K417E,0
class 2,K417F,0
class 2,K417G,0
class 2,K417H,0
class 2,K417I,0
class 2,K417L,0
class 2,K417M,0
class 2,K417N,0
class 2,K417P,0
class 2,K417Q,0
class 2,K417R,0
class 2,K417S,0
class 2,K417T,0
class 2,K417V,0
class 2,K417W,0
class 2,K417Y,0
class 2,I418V,0
class 2,A419P,0
class 2,A419S,0
class 2,D420A,0
class 2,D420E,0
class 2,D420K,0
class 2,D420M,0
class 2,D420N,0
class 2,D420Q,0
class 2,D420R,0
class 2,D420S,0
class 2,Y421F,0
class 2,Y421L,0
class 2,Y421M,0
class 2,Y421W,0
class 2,K424H,0
class 2,K424R,0
class 2,L425I,0
class 2,L425M,0
class 2,L425V,0
class 2,D427A,0
class 2,D427E,0
class 2,D427F,0
class 2,D427G,0
class 2,D427H,0
class 2,D427I,0
class 2,D427K,0
class 2,D427L,0
class 2,D427M,0
class 2,D427N,0
class 2,D427P,0
class 2,D427Q,0
class 2,D427R,0
class 2,D427S,0
class 2,D427T,0
class 2,D427V,0
class 2,D427W,0
class 2,D427Y,0
class 2,D428A,0
class 2,D428E,0
class 2,D428G,0
class 2,D428H,0
class 2,D428K,0
class 2,D428N,0
class 2,D428P,0
class 2,D428Q,0
class 2,D428R,0
class 2,D428S,0
class 2,D428T,0
class 2,F429W,0
class 2,T430A,0
class 2,T430C,0
class 2,T430F,0
class 2,T430H,0
class 2,T430I,0
class 2,T430K,0
class 2,T430L,0
class 2,T430M,0
class 2,T430N,0
class 2,T430Q,0
class 2,T430R,0
class 2,T430S,0
class 2,T430V,0
class 2,T430W,0
class 2,T430Y,0
class 2,V433I,0
class 2,I434F,0
class 2,I434L,0
class 2,I434M,0
class 2,I434V,0
class 2,I434W,0
class 2,I434Y,0
class 2,A435S,0
class 2,A435T,0
class 2,N437P,0
class 2,S438A,0
class 2,S438T,0
class 2,N439D,0
class 2,N439H,0
class 2,N439L,0
class 2,N439M,0
class 2,N439Q,0
class 2,N439S,0
class 2,N439T,0
class 2,N439V,0
class 2,N439Y,0
class 2,N440A,0
class 2,N440C,0
class 2,N440D,0
class 2,N440E,0
class 2,N440F,0
class 2,N440G,0
class 2,N440H,0
class 2,N440I,0
class 2,N440K,0
class 2,N440L,0
class 2,N440M,0
class 2,N440P,0
class 2,N440Q,0
class 2,N440R,0
class 2,N440S,0
class 2,N440T,0
class 2,N440V,0
class 2,N440Y,0
class 2,L441A,0
class 2,L441F,0
class 2,L441H,0
class 2,L441I,0
class 2,L441Q,0
class 2,L441R,0
class 2,L441S,0
class 2,L441V,0
class 2,S443A,0
class 2,S443C,0
class 2,S443G,0
class 2,S443N,3.077
class 2,S443Q,0
class 2,S443T,0
class 2,S443V,0
class 2,S443Y,0
class 2,K444A,0
class 2,K444C,0
class 2,K444D,0
class 2,K444E,0
class 2,K444F,0
class 2,K444G,0
class 2,K444H,0
class 2,K444I,0
class 2,K444L,0
class 2,K444M,0
class 2,K444N,0
class 2,K444P,0
class 2,K444Q,0
class 2,K444R,0
class 2,K444S,0
class 2,K444T,0
class 2,K444V,0
class 2,K444W,0
class 2,K444Y,0
class 2,V445A,0
class 2,V445C,0
class 2,V445D,0
class 2,V445E,0
class 2,V445F,0
class 2,V445G,0
class 2,V445H,0
class 2,V445I,0
class 2,V445K,0
class 2,V445L,0
class 2,V445M,0
class 2,V445N,0
class 2,V445P,0
class 2,V445Q,0
class 2,V445R,0
class 2,V445S,0
class 2,V445T,0
class 2,V445W,0
class 2,V445Y,0
class 2,G446A,0
class 2,G446C,0
class 2,G446D,0
class 2,G446E,0
class 2,G446F,0
class 2,G446H,0
class 2,G446I,0
class 2,G446K,0
class 2,G446L,0
class 2,G446M,0
class 2,G446N,0
class 2,G446P,0
class 2,G446Q,0
class 2,G446R,0
class 2,G446S,0
class 2,G446T,0
class 2,G446V,0
class 2,G446W,0
class 2,G446Y,0
class 2,G447A,0
class 2,G447C,0
class 2,G447D,0
class 2,G447E,0
class 2,G447F,0
class 2,G447H,0
class 2,G447I,0
class 2,G447K,0
class 2,G447L,0
class 2,G447M,0
class 2,G447N,0
class 2,G447P,0
class 2,G447Q,0
class 2,G447R,0
class 2,G447S,0
class 2,G447T,0
class 2,G447V,0
class 2,G447Y,0
class 2,N448A,0
class 2,N448C,0
class 2,N448D,0
class 2,N448E,0
class 2,N448G,0
class 2,N448H,0
class 2,N448K,0
class 2,N448P,0
class 2,N448Q,0
class 2,N448R,0
class 2,N448S,0
class 2,N448T,1.398
class 2,N448V,0
class 2,N448Y,0
class 2,Y449A,0
class 2,Y449C,0
class 2,Y449D,0
class 2,Y449E,0
class 2,Y449F,0
class 2,Y449G,0
class 2,Y449H,0
class 2,Y449I,0
class 2,Y449K,2.312
class 2,Y449L,0
class 2,Y449M,0
class 2,Y449N,2.043
class 2,Y449P,0
class 2,Y449Q,2.308
class 2,Y449R,0
class 2,Y449S,0
class 2,Y449T,2.65
class 2,Y449V,0
class 2,Y449W,0
class 2,N450A,0
class 2,N450C,0
class 2,N450D,0
class 2,N450E,0
class 2,N450F,1.753
class 2,N450G,0
class 2,N450H,0
class 2,N450I,2.684
class 2,N450K,0
class 2,N450L,0
class 2,N450M,0
class 2,N450P,0
class 2,N450Q,0
class 2,N450R,0
class 2,N450S,0
class 2,N450T,0
class 2,N450V,0
class 2,N450W,0
class 2,N450Y,0
class 2,Y451F,0
class 2,Y451H,0
class 2,Y451I,0
class 2,Y451L,0
class 2,Y451M,0
class 2,Y451Q,0
class 2,L452A,0
class 2,L452C,0
class 2,L452D,9.787
class 2,L452E,11.04
class 2,L452F,0
class 2,L452G,2.649
class 2,L452H,0
class 2,L452I,0
class 2,L452K,9.537
class 2,L452M,0
class 2,L452N,0
class 2,L452Q,0
class 2,L452R,9.485
class 2,L452S,2.662
class 2,L452T,2.76
class 2,L452V,0
class 2,L452W,5.392
class 2,L452Y,0
class 2,Y453A,0
class 2,Y453F,0
class 2,Y453H,0
class 2,Y453K,0
class 2,Y453M,0
class 2,Y453R,0
class 2,Y453S,0
class 2,Y453V,0
class 2,L455A,0
class 2,L455C,0
class 2,L455E,0
class 2,L455F,0
class 2,L455G,0
class 2,L455H,0
class 2,L455I,0
class 2,L455M,0
class 2,L455P,0
class 2,L455R,0
class 2,L455S,0
class 2,L455T,0
class 2,L455V,0
class 2,L455W,0
class 2,L455Y,0
class 2,F456A,0
class 2,F456C,0
class 2,F456G,0
class 2,F456H,0
class 2,F456I,0
class 2,F456K,1.212
class 2,F456L,0
class 2,F456Q,0
class 2,F456R,0
class 2,F456T,0
class 2,F456V,0
class 2,F456W,0
class 2,F456Y,0
class 2,K458A,0
class 2,K458D,0
class 2,K458E,0
class 2,K458F,0
class 2,K458G,0
class 2,K458H,0
class 2,K458I,0
class 2,K458L,0
class 2,K458M,0
class 2,K458N,0
class 2,K458P,0
class 2,K458Q,0
class 2,K458R,0
class 2,K458S,0
class 2,K458T,0
class 2,K458V,0
class 2,K458W,0
class 2,K458Y,0
class 2,S459A,0
class 2,S459C,0
class 2,S459D,0
class 2,S459E,0
class 2,S459F,0
class 2,S459G,0
class 2,S459H,0
class 2,S459I,0
class 2,S459K,0
class 2,S459L,0
class 2,S459M,0
class 2,S459N,0
class 2,S459P,0
class 2,S459Q,0
class 2,S459R,0
class 2,S459T,0
class 2,S459V,0
class 2,S459Y,0
class 2,N460A,0
class 2,N460C,0
class 2,N460D,0
class 2,N460E,0
class 2,N460F,0
class 2,N460G,0
class 2,N460H,0
class 2,N460I,0
class 2,N460K,0
class 2,N460L,0
class 2,N460M,0
class 2,N460P,0
class 2,N460Q,0
class 2,N460R,0
class 2,N460S,0
class 2,N460T,0
class 2,N460V,0
class 2,N460Y,0
class 2,L461I,0
class 2,L461M,0
class 2,L461V,0
class 2,K462A,0
class 2,K462C,0
class 2,K462D,0
class 2,K462E,0
class 2,K462F,0
class 2,K462G,0
class 2,K462H,0
class 2,K462I,0
class 2,K462L,0
class 2,K462M,0
class 2,K462N,0
class 2,K462Q,0
class 2,K462R,0
class 2,K462S,0
class 2,K462T,0
class 2,K462V,0
class 2,K462Y,0
class 2,P463A,0
class 2,F464A,0
class 2,F464G,0
class 2,F464H,0
class 2,F464L,0
class 2,F464M,0
class 2,F464N,0
class 2,F464Q,0
class 2,F464S,0
class 2,F464W,0
class 2,F464Y,0
class 2,E465D,0
class 2,E465G,0
class 2,E465H,0
class 2,E465Q,0
class 2,R466H,0
class 2,R466K,0
class 2,R466Q,0
class 2,I468A,0
class 2,I468C,0
class 2,I468D,0
class 2,I468E,0
class 2,I468G,0
class 2,I468H,0
class 2,I468K,0
class 2,I468L,0
class 2,I468M,0
class 2,I468N,0
class 2,I468P,0
class 2,I468Q,0
class 2,I468R,0
class 2,I468S,0
class 2,I468T,0
class 2,I468V,0
class 2,I468Y,0
class 2,S469A,0
class 2,S469C,0
class 2,S469D,0
class 2,S469E,0
class 2,S469G,0
class 2,S469K,0
class 2,S469N,0
class 2,S469Q,0
class 2,S469R,0
class 2,S469T,0
class 2,T470A,0
class 2,T470C,0
class 2,T470D,0
class 2,T470E,0
class 2,T470F,0
class 2,T470G,0
class 2,T470H,0
class 2,T470I,0
class 2,T470K,0
class 2,T470L,0
class 2,T470M,0
class 2,T470N,0
class 2,T470Q,0
class 2,T470R,0
class 2,T470S,0
class 2,T470V,0
class 2,T470Y,0
class 2,E471A,0
class 2,E471C,0
class 2,E471D,0
class 2,E471F,0
class 2,E471G,0
class 2,E471H,0
class 2,E471I,0
class 2,E471K,0
class 2,E471L,0
class 2,E471M,0
class 2,E471N,0
class 2,E471P,0
class 2,E471Q,0
class 2,E471R,0
class 2,E471S,0
class 2,E471T,0
class 2,E471V,0
class 2,E471Y,0
class 2,I472A,0
class 2,I472C,4.934
class 2,I472D,8.172
class 2,I472E,4.085
class 2,I472F,3.245
class 2,I472G,0
class 2,I472H,0
class 2,I472K,8.31
class 2,I472L,0
class 2,I472M,0
class 2,I472N,2.128
class 2,I472P,0
class 2,I472Q,0
class 2,I472S,0
class 2,I472T,0
class 2,I472V,0
class 2,I472W,10.07
class 2,I472Y,6.563
class 2,Y473A,0
class 2,Y473C,0
class 2,Y473E,0
class 2,Y473F,0
class 2,Y473H,0
class 2,Y473I,0
class 2,Y473L,0
class 2,Y473M,0
class 2,Y473N,0
class 2,Y473Q,0
class 2,Y473S,0
class 2,Y473T,0
class 2,Y473V,0
class 2,Y473W,0
class 2,Q474A,0
class 2,Q474D,0
class 2,Q474E,0
class 2,Q474G,0
class 2,Q474H,0
class 2,Q474K,0
class 2,Q474M,0
class 2,Q474N,0
class 2,Q474P,0
class 2,Q474R,0
class 2,Q474S,0
class 2,Q474T,0
class 2,Q474V,0
class 2,A475C,0
class 2,A475D,0
class 2,A475E,0
class 2,A475F,0
class 2,A475G,0
class 2,A475I,0
class 2,A475K,0
class 2,A475L,0
class 2,A475M,0
class 2,A475N,0
class 2,A475Q,0
class 2,A475R,0
class 2,A475S,0
class 2,A475T,0
class 2,A475V,0
class 2,A475Y,0
class 2,G476A,0
class 2,G476D,0
class 2,G476E,0
class 2,G476H,0
class 2,G476K,0
class 2,G476N,0
class 2,G476Q,0
class 2,G476R,0
class 2,G476S,0
class 2,G476T,0
class 2,S477A,0
class 2,S477C,1.631
class 2,S477D,0
class 2,S477F,0
class 2,S477G,0
class 2,S477H,0
class 2,S477I,0
class 2,S477L,0
class 2,S477N,0
class 2,S477P,0
class 2,S477Q,0
class 2,S477R,0
class 2,S477T,0
class 2,S477V,0
class 2,S477W,0
class 2,S477Y,0
class 2,T478A,0
class 2,T478C,0
class 2,T478D,0
class 2,T478E,0
class 2,T478F,0
class 2,T478G,0
class 2,T478H,0
class 2,T478I,0
class 2,T478K,0
class 2,T478L,0
class 2,T478M,0
class 2,T478N,0
class 2,T478P,0
class 2,T478Q,0
class 2,T478R,0
class 2,T478S,0
class 2,T478V,0
class 2,T478W,1.218
class 2,T478Y,0
class 2,P479A,0
class 2,P479C,0
class 2,P479D,0
class 2,P479E,0
class 2,P479F,0
class 2,P479G,0
class 2,P479H,0
class 2,P479I,0
class 2,P479K,0
class 2,P479L,0
class 2,P479M,0
class 2,P479N,0
class 2,P479Q,0
class 2,P479R,0
class 2,P479S,0
class 2,P479T,0
class 2,P479V,0
class 2,P479Y,0
class 2,N481A,0
class 2,N481C,0
class 2,N481D,0
class 2,N481E,0
class 2,N481F,0
class 2,N481G,0
class 2,N481H,0
class 2,N481I,0
class 2,N481K,0
class 2,N481L,0
class 2,N481M,0
class 2,N481P,0
class 2,N481Q,0
class 2,N481R,0
class 2,N481S,0
class 2,N481T,0
class 2,N481V,0
class 2,N481Y,0
class 2,G482A,0
class 2,G482C,0
class 2,G482D,0
class 2,G482F,0
class 2,G482H,0
class 2,G482K,0
class 2,G482L,0
class 2,G482N,0
class 2,G482P,0
class 2,G482Q,0
class 2,G482R,0
class 2,G482S,0
class 2,G482T,0
class 2,G482Y,0
class 2,V483A,0
class 2,V483C,2.43
class 2,V483D,7.483
class 2,V483E,8.194
class 2,V483F,0
class 2,V483G,0
class 2,V483H,5.594
class 2,V483I,0
class 2,V483K,8.51
class 2,V483L,0
class 2,V483M,0
class 2,V483N,6.811
class 2,V483Q,7.491
class 2,V483R,9.458
class 2,V483S,6.824
class 2,V483T,3.319
class 2,V483W,5.228
class 2,V483Y,7.202
class 2,E484A,9.032
class 2,E484C,9.294
class 2,E484D,8.867
class 2,E484F,10.36
class 2,E484G,2.743
class 2,E484H,11.84
class 2,E484I,12.28
class 2,E484K,10.3
class 2,E484L,10.91
class 2,E484M,9.717
class 2,E484N,9.348
class 2,E484P,11.51
class 2,E484Q,10.44
class 2,E484R,11.9
class 2,E484S,7.763
class 2,E484T,9.748
class 2,E484V,10.06
class 2,E484W,7.622
class 2,E484Y,9.717
class 2,G485A,0
class 2,G485C,0
class 2,G485D,8.022
class 2,G485E,0
class 2,G485H,7.408
class 2,G485K,8.63
class 2,G485M,4.706
class 2,G485N,8.695
class 2,G485P,10.28
class 2,G485Q,3.231
class 2,G485R,9.102
class 2,G485S,0
class 2,G485T,8.269
class 2,F486A,0
class 2,F486C,0
class 2,F486D,3.14
class 2,F486E,3.224
class 2,F486G,0
class 2,F486H,0
class 2,F486I,8.324
class 2,F486K,3.948
class 2,F486L,8.795
class 2,F486M,0
class 2,F486N,0
class 2,F486P,8.852
class 2,F486Q,0
class 2,F486R,5.62
class 2,F486S,0
class 2,F486T,8.163
class 2,F486V,7.814
class 2,F486W,0
class 2,F486Y,0
class 2,N487A,0
class 2,N487D,0
class 2,N487E,0
class 2,N487F,0
class 2,N487G,0
class 2,N487H,0
class 2,N487K,0
class 2,N487L,0
class 2,N487M,0
class 2,N487Q,0
class 2,N487R,0
class 2,N487S,0
class 2,N487T,0
class 2,N487Y,0
class 2,Y489F,0
class 2,Y489H,0
class 2,Y489I,0
class 2,Y489L,0
class 2,Y489M,0
class 2,Y489Q,0
class 2,Y489V,0
class 2,Y489W,0
class 2,F490A,7.327
class 2,F490C,4.245
class 2,F490D,11.18
class 2,F490E,10.59
class 2,F490G,9.13
class 2,F490H,5.028
class 2,F490I,0
class 2,F490K,11.77
class 2,F490L,4.214
class 2,F490M,0
class 2,F490N,9.491
class 2,F490P,9.809
class 2,F490Q,7.844
class 2,F490R,10.67
class 2,F490S,8.838
class 2,F490T,8.645
class 2,F490V,0
class 2,F490W,0
class 2,F490Y,5.334
class 2,L492F,0
class 2,L492I,0
class 2,L492V,0
class 2,Q493A,1.413
class 2,Q493D,0
class 2,Q493E,0
class 2,Q493F,8.122
class 2,Q493G,1.845
class 2,Q493H,0
class 2,Q493I,4.262
class 2,Q493K,11.15
class 2,Q493L,2.93
class 2,Q493N,0
class 2,Q493R,10.33
class 2,Q493S,1.439
class 2,Q493T,4.764
class 2,Q493V,5.382
class 2,Q493W,7.99
class 2,Q493Y,8.442
class 2,S494A,0
class 2,S494D,7.941
class 2,S494F,0
class 2,S494G,0
class 2,S494H,5.743
class 2,S494I,0
class 2,S494K,9.252
class 2,S494M,0
class 2,S494N,5.04
class 2,S494P,8.728
class 2,S494R,11.04
class 2,S494T,0
class 2,S494V,0
class 2,S494W,8.663
class 2,S494Y,7.827
class 2,G496A,0
class 2,G496C,0
class 2,G496D,0
class 2,G496E,0
class 2,G496F,0
class 2,G496H,0
class 2,G496I,0
class 2,G496K,0
class 2,G496L,0
class 2,G496M,0
class 2,G496N,0
class 2,G496Q,0
class 2,G496R,0
class 2,G496S,0
class 2,G496T,0
class 2,G496V,0
class 2,G496W,0
class 2,G496Y,0
class 2,Q498A,0
class 2,Q498C,0
class 2,Q498E,0
class 2,Q498F,0
class 2,Q498G,0
class 2,Q498H,0
class 2,Q498I,0
class 2,Q498K,0
class 2,Q498L,0
class 2,Q498M,0
class 2,Q498N,0
class 2,Q498R,0
class 2,Q498S,0
class 2,Q498T,0
class 2,Q498V,0
class 2,Q498W,0
class 2,Q498Y,0
class 2,P499A,0
class 2,P499C,0
class 2,P499D,0
class 2,P499E,0
class 2,P499G,0
class 2,P499H,0
class 2,P499L,0
class 2,P499M,0
class 2,P499N,0
class 2,P499Q,0
class 2,P499R,0
class 2,P499S,0
class 2,P499T,0
class 2,P499V,0
class 2,P499Y,0
class 2,T500A,0
class 2,T500C,0
class 2,T500D,0
class 2,T500E,0
class 2,T500F,0
class 2,T500G,0
class 2,T500H,0
class 2,T500I,0
class 2,T500K,0
class 2,T500L,0
class 2,T500M,0
class 2,T500N,0
class 2,T500P,0
class 2,T500Q,0
class 2,T500R,0
class 2,T500S,0
class 2,T500V,0
class 2,T500W,0
class 2,T500Y,0
class 2,N501A,0
class 2,N501C,0
class 2,N501F,0
class 2,N501G,0
class 2,N501H,0
class 2,N501I,0
class 2,N501L,0
class 2,N501M,0
class 2,N501P,0
class 2,N501Q,0
class 2,N501R,0
class 2,N501S,0
class 2,N501T,0
class 2,N501V,0
class 2,N501W,0
class 2,N501Y,0
class 2,V503A,1.823
class 2,V503C,0
class 2,V503D,0
class 2,V503E,0
class 2,V503F,0
class 2,V503G,0
class 2,V503H,0
class 2,V503I,0
class 2,V503K,0
class 2,V503L,0
class 2,V503M,0
class 2,V503N,0
class 2,V503Q,0
class 2,V503R,0
class 2,V503S,0
class 2,V503T,0
class 2,V503W,0
class 2,V503Y,0
class 2,G504A,0
class 2,G504C,0
class 2,G504D,0
class 2,G504E,0
class 2,G504F,0
class 2,G504H,0
class 2,G504I,0
class 2,G504K,0
class 2,G504L,0
class 2,G504M,0
class 2,G504N,0
class 2,G504P,0
class 2,G504Q,0
class 2,G504R,0
class 2,G504S,0
class 2,G504T,0
class 2,G504V,0
class 2,G504W,0
class 2,G504Y,0
class 2,Y505F,0
class 2,Y505H,0
class 2,Y505M,0
class 2,Y505N,0
class 2,Y505Q,0
class 2,Y505W,0
class 2,Q506A,0
class 2,Q506E,0
class 2,Q506H,0
class 2,Q506N,0
class 2,P507A,0
class 2,Y508A,0
class 2,Y508F,0
class 2,Y508H,0
class 2,Y508M,0
class 2,Y508N,0
class 2,Y508T,0
class 2,Y508V,0
class 2,Y508W,0
class 2,V510I,0
class 2,V512I,0
class 2,L513I,0
class 2,L513M,0
class 2,S514A,0
class 2,S514C,0
class 2,S514F,0
class 2,S514G,0
class 2,S514H,0
class 2,S514I,0
class 2,S514K,0
class 2,S514L,0
class 2,S514M,0
class 2,S514N,0
class 2,S514Q,0
class 2,S514R,0
class 2,S514T,0
class 2,S514V,0
class 2,S514W,0
class 2,S514Y,0
class 2,F515L,0
class 2,F515M,0
class 2,E516D,0
class 2,E516H,0
class 2,E516K,0
class 2,E516N,0
class 2,E516P,0
class 2,E516R,0
class 2,E516S,0
class 2,E516T,0
class 2,L517E,0
class 2,L517H,0
class 2,L517I,0
class 2,L517K,0
class 2,L517M,0
class 2,L517N,0
class 2,L517Q,0
class 2,L517R,0
class 2,L517S,0
class 2,L517T,0
class 2,L517V,0
class 2,L517Y,0
class 2,L518F,0
class 2,L518H,0
class 2,L518I,0
class 2,L518K,0
class 2,L518M,0
class 2,L518N,0
class 2,L518P,0
class 2,L518Q,0
class 2,L518R,0
class 2,L518S,0
class 2,L518T,0
class 2,L518V,0
class 2,L518W,0
class 2,L518Y,0
class 2,H519C,0
class 2,H519D,0
class 2,H519F,0
class 2,H519I,0
class 2,H519L,0
class 2,H519N,0
class 2,H519P,0
class 2,H519R,0
class 2,H519S,0
class 2,H519T,0
class 2,H519V,0
class 2,H519Y,0
class 2,A520C,0
class 2,A520D,0
class 2,A520E,0
class 2,A520F,0
class 2,A520G,0
class 2,A520H,0
class 2,A520K,0
class 2,A520L,0
class 2,A520M,0
class 2,A520N,0
class 2,A520P,0
class 2,A520R,0
class 2,A520S,0
class 2,A520T,0
class 2,A520V,0
class 2,A520Y,0
class 2,P521C,0
class 2,P521F,0
class 2,P521G,0
class 2,P521H,0
class 2,P521N,0
class 2,P521R,0
class 2,P521S,0
class 2,P521T,0
class 2,A522C,0
class 2,A522D,0
class 2,A522E,0
class 2,A522G,0
class 2,A522H,0
class 2,A522I,0
class 2,A522K,0
class 2,A522L,0
class 2,A522M,0
class 2,A522P,0
class 2,A522R,0
class 2,A522S,0
class 2,A522T,0
class 2,A522V,0
class 2,V524A,0
class 2,V524I,0
class 2,C525A,0
class 2,C525F,0
class 2,C525I,0
class 2,C525L,0
class 2,C525N,0
class 2,C525R,0
class 2,C525S,0
class 2,G526A,0
class 2,G526D,0
class 2,G526E,0
class 2,G526L,0
class 2,G526N,0
class 2,G526P,0
class 2,G526R,0
class 2,G526S,0
class 2,G526V,0
class 2,G526W,0
class 2,P527A,0
class 2,P527C,0
class 2,P527E,0
class 2,P527F,0
class 2,P527G,0
class 2,P527H,0
class 2,P527I,0
class 2,P527K,0
class 2,P527L,0
class 2,P527M,0
class 2,P527N,0
class 2,P527Q,0
class 2,P527R,0
class 2,P527S,0
class 2,P527T,0
class 2,P527V,0
class 2,P527Y,0
class 2,K528A,0
class 2,K528C,0
class 2,K528D,0
class 2,K528E,0
class 2,K528G,0
class 2,K528H,0
class 2,K528I,0
class 2,K528L,0
class 2,K528M,0
class 2,K528N,0
class 2,K528P,0
class 2,K528Q,0
class 2,K528R,0
class 2,K528S,0
class 2,K528T,0
class 2,K528V,0
class 2,K528W,0
class 2,K528Y,0
class 2,K529C,0
class 2,K529D,0
class 2,K529E,0
class 2,K529F,0
class 2,K529G,0
class 2,K529H,0
class 2,K529I,0
class 2,K529L,0
class 2,K529M,0
class 2,K529N,0
class 2,K529P,0
class 2,K529Q,0
class 2,K529R,0
class 2,K529S,0
class 2,K529T,0
class 2,K529V,0
class 2,K529W,0
class 2,K529Y,0
class 2,S530A,0
class 2,S530C,0
class 2,S530D,0
class 2,S530E,4.181
class 2,S530F,0
class 2,S530G,0
class 2,S530H,0
class 2,S530I,0
class 2,S530K,0
class 2,S530L,0
class 2,S530M,0
class 2,S530N,0
class 2,S530P,0
class 2,S530Q,0
class 2,S530R,0
class 2,S530T,0
class 2,S530V,0
class 2,S530W,0
class 2,S530Y,0
class 2,T531A,0
class 2,T531C,0
class 2,T531D,0
class 2,T531E,0
class 2,T531F,0
class 2,T531G,0
class 2,T531H,0
class 2,T531I,0
class 2,T531K,0
class 2,T531L,0
class 2,T531M,0
class 2,T531N,0
class 2,T531P,0
class 2,T531Q,0
class 2,T531R,0
class 2,T531S,0
class 2,T531V,0
class 2,T531W,0
class 2,T531Y,0
class 3,N331A,0
class 3,N331D,0
class 3,N331E,0
class 3,N331F,0
class 3,N331G,0
class 3,N331H,0
class 3,N331I,0
class 3,N331K,0
class 3,N331L,0
class 3,N331M,0
class 3,N331P,0
class 3,N331Q,0
class 3,N331R,0
class 3,N331S,0
class 3,N331T,0
class 3,N331V,0
class 3,I332A,0
class 3,I332C,0
class 3,I332D,0
class 3,I332E,0
class 3,I332F,0
class 3,I332G,0
class 3,I332H,0
class 3,I332K,0
class 3,I332L,0
class 3,I332M,0
class 3,I332N,0
class 3,I332P,0
class 3,I332Q,0
class 3,I332R,0
class 3,I332S,0
class 3,I332T,0
class 3,I332V,0
class 3,I332W,0
class 3,I332Y,0
class 3,T333A,0
class 3,T333C,0
class 3,T333D,0
class 3,T333E,0
class 3,T333F,0
class 3,T333G,0
class 3,T333H,0
class 3,T333K,0
class 3,T333L,0
class 3,T333M,0
class 3,T333N,0
class 3,T333P,0
class 3,T333Q,0
class 3,T333R,0
class 3,T333S,0
class 3,T333V,0
class 3,T333W,0
class 3,T333Y,0
class 3,N334A,0
class 3,N334C,1.28
class 3,N334D,0
class 3,N334E,0
class 3,N334F,0
class 3,N334G,0
class 3,N334H,0
class 3,N334I,0
class 3,N334K,0
class 3,N334L,0
class 3,N334M,0
class 3,N334P,0
class 3,N334Q,0
class 3,N334R,0
class 3,N334S,0
class 3,N334T,0
class 3,N334V,0
class 3,N334Y,0
class 3,L335A,0
class 3,L335C,0
class 3,L335D,0
class 3,L335E,0
class 3,L335F,0
class 3,L335G,0
class 3,L335H,0
class 3,L335I,0
class 3,L335K,0
class 3,L335M,0
class 3,L335N,0
class 3,L335P,0
class 3,L335Q,0
class 3,L335R,0
class 3,L335S,0
class 3,L335T,0
class 3,L335V,0
class 3,L335W,0
class 3,L335Y,0
class 3,C336G,3.998
class 3,P337A,0
class 3,P337C,0
class 3,P337D,0
class 3,P337E,0
class 3,P337G,0
class 3,P337H,0
class 3,P337K,0
class 3,P337L,0
class 3,P337M,0
class 3,P337N,0
class 3,P337Q,0
class 3,P337R,0
class 3,P337S,0
class 3,P337T,2.473
class 3,F338I,0
class 3,F338L,0
class 3,F338M,0
class 3,F338W,0
class 3,F338Y,0
class 3,G339A,0
class 3,G339D,0
class 3,G339E,0
class 3,G339F,0
class 3,G339H,0
class 3,G339I,0
class 3,G339K,0
class 3,G339L,0
class 3,G339M,0
class 3,G339N,0
class 3,G339P,0
class 3,G339Q,0
class 3,G339R,0
class 3,G339S,0
class 3,G339T,0
class 3,G339V,0
class 3,G339W,0
class 3,G339Y,0
class 3,E340A,0
class 3,E340D,0
class 3,E340G,1.567
class 3,E340K,0
class 3,E340L,0
class 3,E340M,2.22
class 3,E340N,0
class 3,E340P,0
class 3,E340Q,0
class 3,E340S,0
class 3,E340T,0
class 3,V341I,0
class 3,V341L,0
class 3,F342I,0
class 3,F342L,0
class 3,F342M,0
class 3,A344E,0
class 3,A344K,0
class 3,A344N,0
class 3,A344Q,0
class 3,A344R,0
class 3,A344S,0
class 3,T345A,0
class 3,T345D,0
class 3,T345E,0
class 3,T345K,0
class 3,T345P,0
class 3,T345R,0
class 3,T345S,0
class 3,R346A,0
class 3,R346C,0
class 3,R346D,0
class 3,R346E,0
class 3,R346F,0
class 3,R346G,0
class 3,R346H,0
class 3,R346I,0
class 3,R346K,0
class 3,R346L,0
class 3,R346M,0
class 3,R346N,0
class 3,R346Q,0
class 3,R346S,0
class 3,R346T,0
class 3,R346V,0
class 3,R346W,0
class 3,R346Y,0
class 3,F347W,0
class 3,A348D,0
class 3,A348E,0
class 3,A348G,0
class 3,A348H,0
class 3,A348K,0
class 3,A348N,0
class 3,A348P,0
class 3,A348Q,0
class 3,A348S,0
class 3,A348Y,0
class 3,S349N,0
class 3,S349P,0
class 3,Y351F,0
class 3,Y351H,0
class 3,Y351W,0
class 3,A352D,0
class 3,A352E,0
class 3,A352G,0
class 3,A352H,0
class 3,A352K,0
class 3,A352M,0
class 3,A352N,0
class 3,A352Q,0
class 3,A352R,0
class 3,A352S,0
class 3,A352Y,0
class 3,W353F,0
class 3,N354A,0
class 3,N354D,0
class 3,N354G,0
class 3,N354H,0
class 3,N354K,0
class 3,N354R,0
class 3,N354S,0
class 3,N354T,0
class 3,N354V,0
class 3,K356A,0
class 3,K356E,0
class 3,K356H,0
class 3,K356I,0
class 3,K356L,0
class 3,K356M,0
class 3,K356N,0
class 3,K356Q,0
class 3,K356R,0
class 3,K356S,0
class 3,K356T,0
class 3,K356V,2.092
class 3,K356Y,0
class 3,R357A,0
class 3,R357C,0
class 3,R357D,0
class 3,R357E,0
class 3,R357H,0
class 3,R357I,0
class 3,R357K,0
class 3,R357L,0
class 3,R357M,0
class 3,R357N,0
class 3,R357P,0
class 3,R357Q,0
class 3,R357S,0
class 3,R357T,0
class 3,R357V,0
class 3,R357W,0
class 3,R357Y,0
class 3,I358C,0
class 3,I358F,0
class 3,I358L,0
class 3,I358M,0
class 3,I358V,0
class 3,I358W,0
class 3,I358Y,0
class 3,S359A,0
class 3,S359C,0
class 3,S359D,0
class 3,S359E,0
class 3,S359F,0
class 3,S359G,0
class 3,S359H,0
class 3,S359I,0
class 3,S359K,0
class 3,S359N,0
class 3,S359P,0
class 3,S359Q,0
class 3,S359R,0
class 3,S359T,0
class 3,S359V,4.275
class 3,S359W,0
class 3,S359Y,0
class 3,N360D,0
class 3,N360E,0
class 3,N360K,0
class 3,N360Q,0
class 3,N360R,0
class 3,N360S,0
class 3,C361N,3.451
class 3,C361P,2.326
class 3,V362A,0
class 3,V362C,0
class 3,V362D,0
class 3,V362E,0
class 3,V362F,0
class 3,V362G,0
class 3,V362H,0
class 3,V362I,0
class 3,V362K,0
class 3,V362L,0
class 3,V362M,0
class 3,V362N,0
class 3,V362Q,0
class 3,V362R,0
class 3,V362S,0
class 3,V362T,0
class 3,V362W,0
class 3,V362Y,0
class 3,A363C,0
class 3,A363F,0
class 3,A363G,0
class 3,A363H,0
class 3,A363I,0
class 3,A363L,0
class 3,A363M,0
class 3,A363P,0
class 3,A363Q,0
class 3,A363S,0
class 3,A363T,0
class 3,A363V,0
class 3,A363W,0
class 3,A363Y,0
class 3,Y365A,0
class 3,Y365C,3.931
class 3,Y365F,0
class 3,Y365G,3.043
class 3,Y365I,0
class 3,Y365L,0
class 3,Y365M,0
class 3,Y365P,2.608
class 3,Y365T,0
class 3,Y365V,0
class 3,Y365W,0
class 3,S366A,0
class 3,S366D,0
class 3,S366E,0
class 3,S366F,0
class 3,S366G,0
class 3,S366H,0
class 3,S366I,2.428
class 3,S366K,0
class 3,S366L,0
class 3,S366M,0
class 3,S366N,0
class 3,S366P,4.581
class 3,S366Q,0
class 3,S366R,0
class 3,S366T,0
class 3,S366V,0
class 3,S366W,0
class 3,V367A,0
class 3,V367C,0
class 3,V367D,0
class 3,V367E,0
class 3,V367F,0
class 3,V367G,0
class 3,V367H,0
class 3,V367I,0
class 3,V367K,0
class 3,V367L,0
class 3,V367M,0
class 3,V367N,0
class 3,V367P,0
class 3,V367Q,0
class 3,V367R,2.207
class 3,V367S,0
class 3,V367T,0
class 3,V367W,0
class 3,V367Y,0
class 3,L368F,0
class 3,L368I,0
class 3,L368M,0
class 3,L368V,2.999
class 3,Y369A,0
class 3,Y369C,0
class 3,Y369D,3.283
class 3,Y369E,0
class 3,Y369F,0
class 3,Y369G,1.415
class 3,Y369H,0
class 3,Y369I,0
class 3,Y369K,0
class 3,Y369L,0
class 3,Y369M,0
class 3,Y369N,0
class 3,Y369P,3.246
class 3,Y369Q,1.663
class 3,Y369R,0
class 3,Y369S,0
class 3,Y369T,0
class 3,Y369V,0
class 3,Y369W,0
class 3,N370A,0
class 3,N370D,0
class 3,N370E,0
class 3,N370G,0
class 3,N370H,1.649
class 3,N370K,0
class 3,N370L,0
class 3,N370M,0
class 3,N370P,0
class 3,N370Q,0
class 3,N370R,0
class 3,N370S,0
class 3,N370T,0
class 3,N370Y,0
class 3,S371A,0
class 3,S371C,0
class 3,S371D,0
class 3,S371E,0
class 3,S371F,0
class 3,S371G,0
class 3,S371H,0
class 3,S371I,0
class 3,S371K,0
class 3,S371L,0
class 3,S371M,0
class 3,S371N,6.891
class 3,S371P,0
class 3,S371Q,0
class 3,S371R,0
class 3,S371T,0
class 3,S371V,0
class 3,S371W,0
class 3,S371Y,2.114
class 3,A372D,0
class 3,A372E,0
class 3,A372F,0
class 3,A372G,0
class 3,A372H,0
class 3,A372I,0
class 3,A372K,0
class 3,A372L,0
class 3,A372M,0
class 3,A372N,0
class 3,A372P,0
class 3,A372Q,0
class 3,A372R,0
class 3,A372S,0
class 3,A372T,0
class 3,A372V,0
class 3,A372W,0
class 3,A372Y,0
class 3,S373A,0
class 3,S373C,0
class 3,S373D,0
class 3,S373E,0
class 3,S373F,0
class 3,S373G,2.486
class 3,S373H,0
class 3,S373I,0
class 3,S373K,0
class 3,S373L,0
class 3,S373M,0
class 3,S373N,0
class 3,S373P,0
class 3,S373Q,0
class 3,S373R,0
class 3,S373T,0
class 3,S373V,0
class 3,S373W,0
class 3,S373Y,0
class 3,F374A,0
class 3,F374D,1.982
class 3,F374H,0
class 3,F374I,0
class 3,F374L,0
class 3,F374M,2.622
class 3,F374N,3.824
class 3,F374Q,0
class 3,F374T,2.045
class 3,F374V,0
class 3,F374W,0
class 3,F374Y,0
class 3,S375A,0
class 3,S375D,0
class 3,S375E,0
class 3,S375G,0
class 3,S375H,0
class 3,S375K,0
class 3,S375N,0
class 3,S375Q,0
class 3,S375T,0
class 3,T376C,0
class 3,T376D,0
class 3,T376F,0
class 3,T376H,0
class 3,T376I,0
class 3,T376K,0
class 3,T376L,0
class 3,T376M,0
class 3,T376N,0
class 3,T376S,0
class 3,T376V,0
class 3,T376Y,0
class 3,F377I,0
class 3,F377L,0
class 3,F377M,0
class 3,F377V,0
class 3,F377W,0
class 3,K378A,0
class 3,K378D,0
class 3,K378E,0
class 3,K378H,0
class 3,K378I,0
class 3,K378L,0
class 3,K378M,0
class 3,K378N,0
class 3,K378Q,0
class 3,K378R,0
class 3,K378S,0
class 3,K378T,0
class 3,K378V,0
class 3,Y380F,0
class 3,Y380W,0
class 3,G381H,0
class 3,G381K,0
class 3,G381N,0
class 3,G381Q,0
class 3,G381R,0
class 3,G381S,0
class 3,V382C,0
class 3,V382F,0
class 3,V382I,0
class 3,V382L,0
class 3,V382T,0
class 3,V382Y,0
class 3,S383C,0
class 3,S383D,0
class 3,S383E,0
class 3,S383H,0
class 3,S383I,0
class 3,S383K,0
class 3,S383L,0
class 3,S383M,0
class 3,S383N,0
class 3,S383P,0
class 3,S383Q,0
class 3,S383R,0
class 3,S383T,0
class 3,S383V,0
class 3,S383Y,0
class 3,P384A,0
class 3,P384E,0
class 3,P384F,0
class 3,P384G,0
class 3,P384H,0
class 3,P384I,0
class 3,P384K,0
class 3,P384L,0
class 3,P384M,0
class 3,P384N,0
class 3,P384Q,0
class 3,P384R,0
class 3,P384S,0
class 3,P384T,0
class 3,P384V,0
class 3,P384W,0
class 3,P384Y,0
class 3,T385A,0
class 3,T385C,0
class 3,T385D,0
class 3,T385E,0
class 3,T385F,0
class 3,T385G,0
class 3,T385H,0
class 3,T385I,0
class 3,T385K,0
class 3,T385L,0
class 3,T385M,0
class 3,T385N,0
class 3,T385P,0
class 3,T385Q,0
class 3,T385R,0
class 3,T385S,0
class 3,T385V,0
class 3,T385W,0
class 3,T385Y,0
class 3,K386A,0
class 3,K386C,0
class 3,K386D,0
class 3,K386E,0
class 3,K386G,0
class 3,K386H,0
class 3,K386I,0
class 3,K386L,0
class 3,K386M,0
class 3,K386N,0
class 3,K386Q,0
class 3,K386R,0
class 3,K386S,0
class 3,K386T,0
class 3,K386V,0
class 3,K386Y,0
class 3,L387I,0
class 3,L387M,0
class 3,N388A,0
class 3,N388D,0
class 3,N388E,0
class 3,N388G,0
class 3,N388H,0
class 3,N388K,0
class 3,N388L,0
class 3,N388M,0
class 3,N388P,0
class 3,N388Q,0
class 3,N388R,0
class 3,N388S,0
class 3,N388T,0
class 3,N388V,0
class 3,D389A,0
class 3,D389C,0
class 3,D389E,0
class 3,D389F,0
class 3,D389G,0
class 3,D389H,0
class 3,D389K,0
class 3,D389L,0
class 3,D389M,0
class 3,D389N,0
class 3,D389Q,0
class 3,D389R,0
class 3,D389S,0
class 3,D389T,0
class 3,D389W,0
class 3,D389Y,0
class 3,L390A,0
class 3,L390C,0
class 3,L390D,0
class 3,L390E,0
class 3,L390F,0
class 3,L390G,0
class 3,L390H,0
class 3,L390I,0
class 3,L390K,0
class 3,L390M,0
class 3,L390N,0
class 3,L390Q,0
class 3,L390R,0
class 3,L390S,0
class 3,L390T,0
class 3,L390V,0
class 3,L390W,0
class 3,L390Y,0
class 3,C391A,0
class 3,C391D,0
class 3,C391E,0
class 3,C391F,0
class 3,C391G,0
class 3,C391H,0
class 3,C391I,0
class 3,C391K,0
class 3,C391L,0
class 3,C391M,0
class 3,C391N,0
class 3,C391P,0
class 3,C391Q,0
class 3,C391R,0
class 3,C391S,0
class 3,C391T,0
class 3,C391V,0
class 3,C391W,0
class 3,C391Y,0
class 3,F392A,0
class 3,F392C,0
class 3,F392H,0
class 3,F392I,0
class 3,F392L,0
class 3,F392M,0
class 3,F392N,0
class 3,F392P,0
class 3,F392S,0
class 3,F392T,0
class 3,F392V,0
class 3,F392W,0
class 3,F392Y,0
class 3,T393A,0
class 3,T393C,0
class 3,T393D,0
class 3,T393E,0
class 3,T393G,0
class 3,T393H,0
class 3,T393I,0
class 3,T393K,0
class 3,T393L,1.417
class 3,T393M,0
class 3,T393N,0
class 3,T393Q,0
class 3,T393R,0
class 3,T393S,0
class 3,T393V,0
class 3,T393Y,0
class 3,N394A,0
class 3,N394C,0
class 3,N394D,0
class 3,N394E,0
class 3,N394F,0
class 3,N394G,0
class 3,N394H,0
class 3,N394I,0
class 3,N394K,0
class 3,N394L,0
class 3,N394M,0
class 3,N394P,0
class 3,N394Q,0
class 3,N394R,0
class 3,N394S,0
class 3,N394T,0
class 3,N394V,1.39
class 3,N394W,0
class 3,N394Y,0
class 3,V395A,0
class 3,V395G,0
class 3,V395I,0
class 3,V395L,0
class 3,V395M,0
class 3,Y396C,0
class 3,Y396F,0
class 3,Y396H,0
class 3,Y396I,0
class 3,Y396L,0
class 3,Y396M,0
class 3,Y396N,0
class 3,Y396S,1.687
class 3,Y396T,0
class 3,Y396V,0
class 3,Y396W,0
class 3,A397C,2.542
class 3,A397I,0
class 3,A397L,0
class 3,A397V,1.978
class 3,S399T,0
class 3,V401I,0
class 3,I402C,0
class 3,I402L,0
class 3,I402V,0
class 3,R403A,0
class 3,R403K,0
class 3,R403M,0
class 3,R403S,0
class 3,R403T,0
class 3,G404A,0
class 3,G404K,0
class 3,D405A,0
class 3,D405E,0
class 3,D405K,0
class 3,D405N,0
class 3,D405R,0
class 3,D405S,0
class 3,E406D,0
class 3,E406Q,0
class 3,E406W,5.188
class 3,V407I,0
class 3,V407L,0
class 3,R408A,0
class 3,R408C,0
class 3,R408E,0
class 3,R408F,0
class 3,R408G,0
class 3,R408H,0
class 3,R408K,0
class 3,R408L,0
class 3,R408P,0
class 3,R408S,0
class 3,R408T,0
class 3,R408V,0
class 3,R408W,0
class 3,Q409E,0
class 3,I410V,0
class 3,A411E,0
class 3,A411G,0
class 3,A411Q,0
class 3,A411R,0
class 3,A411S,0
class 3,G413A,0
class 3,G413C,0
class 3,G413F,0
class 3,G413H,0
class 3,G413K,0
class 3,G413L,0
class 3,G413M,0
class 3,G413N,0
class 3,G413Q,0
class 3,G413R,0
class 3,G413S,0
class 3,G413Y,0
class 3,Q414A,0
class 3,Q414C,0
class 3,Q414E,0
class 3,Q414G,0
class 3,Q414I,0
class 3,Q414K,0
class 3,Q414M,0
class 3,Q414R,0
class 3,Q414S,0
class 3,Q414T,0
class 3,Q414V,0
class 3,T415A,0
class 3,T415D,0
class 3,T415E,0
class 3,T415G,0
class 3,T415H,0
class 3,T415I,0
class 3,T415K,0
class 3,T415M,0
class 3,T415N,0
class 3,T415Q,0
class 3,T415R,0
class 3,T415S,0
class 3,T415V,0
class 3,T415Y,0
class 3,K417A,0
class 3,K417C,0
class 3,K417D,0
class 3,K417E,0
class 3,K417F,0
class 3,K417G,0
class 3,K417H,0
class 3,K417I,0
class 3,K417L,0
class 3,K417M,0
class 3,K417N,0
class 3,K417P,0
class 3,K417Q,0
class 3,K417R,0
class 3,K417S,0
class 3,K417T,0
class 3,K417V,0
class 3,K417W,0
class 3,K417Y,0
class 3,I418V,0
class 3,A419P,0
class 3,A419S,0
class 3,D420A,0
class 3,D420E,0
class 3,D420K,0
class 3,D420M,0
class 3,D420N,0
class 3,D420Q,0
class 3,D420R,0
class 3,D420S,0
class 3,Y421F,0
class 3,Y421L,0
class 3,Y421M,0
class 3,Y421W,0
class 3,K424H,0
class 3,K424R,0
class 3,L425I,0
class 3,L425M,0
class 3,L425V,0
class 3,D427A,0
class 3,D427E,0
class 3,D427F,0
class 3,D427G,0
class 3,D427H,0
class 3,D427I,0
class 3,D427K,0
class 3,D427L,0
class 3,D427M,0
class 3,D427N,0
class 3,D427P,1.503
class 3,D427Q,0
class 3,D427R,0
class 3,D427S,0
class 3,D427T,0
class 3,D427V,0
class 3,D427W,0
class 3,D427Y,0
class 3,D428A,0
class 3,D428E,0
class 3,D428G,0
class 3,D428H,0
class 3,D428K,0
class 3,D428N,0
class 3,D428P,0
class 3,D428Q,0
class 3,D428R,0
class 3,D428S,0
class 3,D428T,0
class 3,F429W,0
class 3,T430A,0
class 3,T430C,0
class 3,T430F,0
class 3,T430H,0
class 3,T430I,0
class 3,T430K,0
class 3,T430L,0
class 3,T430M,0
class 3,T430N,0
class 3,T430Q,0
class 3,T430R,0
class 3,T430S,0
class 3,T430V,0
class 3,T430W,0
class 3,T430Y,0
class 3,V433I,0
class 3,I434F,0
class 3,I434L,0
class 3,I434M,0
class 3,I434V,0
class 3,I434W,0
class 3,I434Y,0
class 3,A435S,0
class 3,A435T,0
class 3,N437P,2.118
class 3,S438A,0
class 3,S438T,0
class 3,N439D,0
class 3,N439H,0
class 3,N439L,3.203
class 3,N439M,0
class 3,N439Q,1.39
class 3,N439S,7.542
class 3,N439T,8.595
class 3,N439V,0
class 3,N439Y,7.33
class 3,N440A,0
class 3,N440C,4.248
class 3,N440D,6.774
class 3,N440E,7.441
class 3,N440F,8.504
class 3,N440G,0
class 3,N440H,0
class 3,N440I,9.225
class 3,N440K,7.161
class 3,N440L,10.02
class 3,N440M,6.772
class 3,N440P,2.617
class 3,N440Q,5.291
class 3,N440R,0
class 3,N440S,0
class 3,N440T,6.885
class 3,N440V,6.978
class 3,N440Y,6.909
class 3,L441A,0
class 3,L441F,0
class 3,L441H,0
class 3,L441I,0
class 3,L441Q,0
class 3,L441R,0
class 3,L441S,7.772
class 3,L441V,0
class 3,S443A,0
class 3,S443C,0
class 3,S443G,3
class 3,S443N,7.505
class 3,S443Q,7.334
class 3,S443T,0
class 3,S443V,2.7
class 3,S443Y,8.278
class 3,K444A,10.55
class 3,K444C,9.699
class 3,K444D,8.634
class 3,K444E,10.12
class 3,K444F,9.948
class 3,K444G,10.23
class 3,K444H,11.31
class 3,K444I,11.98
class 3,K444L,10.34
class 3,K444M,10.34
class 3,K444N,9.713
class 3,K444P,11.76
class 3,K444Q,10.37
class 3,K444R,2.528
class 3,K444S,10.09
class 3,K444T,10.88
class 3,K444V,10.89
class 3,K444W,10.89
class 3,K444Y,10.98
class 3,V445A,10.79
class 3,V445C,10.49
class 3,V445D,10.01
class 3,V445E,11.95
class 3,V445F,8.942
class 3,V445G,10.61
class 3,V445H,9.084
class 3,V445I,0
class 3,V445K,16.11
class 3,V445L,8.324
class 3,V445M,6.767
class 3,V445N,10.5
class 3,V445P,10.65
class 3,V445Q,12.17
class 3,V445R,10.35
class 3,V445S,10.59
class 3,V445T,9.773
class 3,V445W,8.253
class 3,V445Y,10.43
class 3,G446A,7.966
class 3,G446C,9.553
class 3,G446D,10.71
class 3,G446E,9.916
class 3,G446F,7.874
class 3,G446H,9.706
class 3,G446I,9.898
class 3,G446K,11.46
class 3,G446L,8.665
class 3,G446M,8.429
class 3,G446N,9.402
class 3,G446P,11.52
class 3,G446Q,10.47
class 3,G446R,9.909
class 3,G446S,8.446
class 3,G446T,11.17
class 3,G446V,10.06
class 3,G446W,8.215
class 3,G446Y,8.446
class 3,G447A,5.644
class 3,G447C,7.27
class 3,G447D,11.18
class 3,G447E,7.919
class 3,G447F,9.194
class 3,G447H,7.971
class 3,G447I,7.151
class 3,G447K,6.609
class 3,G447L,9.161
class 3,G447M,6.864
class 3,G447N,9.757
class 3,G447P,9.348
class 3,G447Q,7.601
class 3,G447R,5.574
class 3,G447S,7.495
class 3,G447T,7.541
class 3,G447V,8.538
class 3,G447Y,7.759
class 3,N448A,6.887
class 3,N448C,6.956
class 3,N448D,7.359
class 3,N448E,7.448
class 3,N448G,7.505
class 3,N448H,6.97
class 3,N448K,7.488
class 3,N448P,9.215
class 3,N448Q,7.304
class 3,N448R,7.75
class 3,N448S,2.774
class 3,N448T,4.869
class 3,N448V,7.565
class 3,N448Y,4.425
class 3,Y449A,0
class 3,Y449C,0
class 3,Y449D,0
class 3,Y449E,0
class 3,Y449F,0
class 3,Y449G,0
class 3,Y449H,0
class 3,Y449I,0
class 3,Y449K,0
class 3,Y449L,0
class 3,Y449M,0
class 3,Y449N,0
class 3,Y449P,5.909
class 3,Y449Q,0
class 3,Y449R,0
class 3,Y449S,0
class 3,Y449T,0
class 3,Y449V,0
class 3,Y449W,0
class 3,N450A,0
class 3,N450C,0
class 3,N450D,0
class 3,N450E,0
class 3,N450F,0
class 3,N450G,0
class 3,N450H,0
class 3,N450I,2.257
class 3,N450K,0
class 3,N450L,0
class 3,N450M,0
class 3,N450P,8.548
class 3,N450Q,0
class 3,N450R,0
class 3,N450S,3.636
class 3,N450T,10.7
class 3,N450V,0
class 3,N450W,0
class 3,N450Y,0
class 3,Y451F,0
class 3,Y451H,0
class 3,Y451I,0
class 3,Y451L,0
class 3,Y451M,0
class 3,Y451Q,0
class 3,L452A,0
class 3,L452C,0
class 3,L452D,0
class 3,L452E,0
class 3,L452F,0
class 3,L452G,0
class 3,L452H,0
class 3,L452I,0
class 3,L452K,0
class 3,L452M,0
class 3,L452N,0
class 3,L452Q,0
class 3,L452R,0
class 3,L452S,0
class 3,L452T,0
class 3,L452V,0
class 3,L452W,0
class 3,L452Y,0
class 3,Y453A,0
class 3,Y453F,0
class 3,Y453H,0
class 3,Y453K,0
class 3,Y453M,0
class 3,Y453R,0
class 3,Y453S,0
class 3,Y453V,0
class 3,L455A,0
class 3,L455C,0
class 3,L455E,0
class 3,L455F,0
class 3,L455G,0
class 3,L455H,0
class 3,L455I,0
class 3,L455M,0
class 3,L455P,0
class 3,L455R,0
class 3,L455S,0
class 3,L455T,0
class 3,L455V,0
class 3,L455W,0
class 3,L455Y,0
class 3,F456A,0
class 3,F456C,0
class 3,F456G,0
class 3,F456H,0
class 3,F456I,0
class 3,F456K,0
class 3,F456L,0
class 3,F456Q,0
class 3,F456R,0
class 3,F456T,0
class 3,F456V,0
class 3,F456W,0
class 3,F456Y,4.619
class 3,K458A,0
class 3,K458D,0
class 3,K458E,0
class 3,K458F,0
class 3,K458G,0
class 3,K458H,0
class 3,K458I,0
class 3,K458L,0
class 3,K458M,0
class 3,K458N,0
class 3,K458P,0
class 3,K458Q,0
class 3,K458R,0
class 3,K458S,0
class 3,K458T,0
class 3,K458V,0
class 3,K458W,0
class 3,K458Y,0
class 3,S459A,0
class 3,S459C,0
class 3,S459D,0
class 3,S459E,0
class 3,S459F,0
class 3,S459G,0
class 3,S459H,0
class 3,S459I,0
class 3,S459K,0
class 3,S459L,0
class 3,S459M,0
class 3,S459N,0
class 3,S459P,0
class 3,S459Q,0
class 3,S459R,0
class 3,S459T,0
class 3,S459V,0
class 3,S459Y,0
class 3,N460A,0
class 3,N460C,0
class 3,N460D,0
class 3,N460E,0
class 3,N460F,0
class 3,N460G,1.757
class 3,N460H,0
class 3,N460I,0
class 3,N460K,0
class 3,N460L,0
class 3,N460M,0
class 3,N460P,0
class 3,N460Q,0
class 3,N460R,0
class 3,N460S,0
class 3,N460T,0
class 3,N460V,0
class 3,N460Y,0
class 3,L461I,0
class 3,L461M,0
class 3,L461V,0
class 3,K462A,0
class 3,K462C,0
class 3,K462D,0
class 3,K462E,0
class 3,K462F,0
class 3,K462G,0
class 3,K462H,0
class 3,K462I,0
class 3,K462L,0
class 3,K462M,0
class 3,K462N,0
class 3,K462Q,0
class 3,K462R,0
class 3,K462S,0
class 3,K462T,0
class 3,K462V,0
class 3,K462Y,0
class 3,P463A,0
class 3,F464A,0
class 3,F464G,0
class 3,F464H,0
class 3,F464L,0
class 3,F464M,0
class 3,F464N,0
class 3,F464Q,0
class 3,F464S,2.014
class 3,F464W,0
class 3,F464Y,0
class 3,E465D,0
class 3,E465G,0
class 3,E465H,0
class 3,E465Q,0
class 3,R466H,0
class 3,R466K,0
class 3,R466Q,0
class 3,I468A,0
class 3,I468C,0
class 3,I468D,0
class 3,I468E,0
class 3,I468G,0
class 3,I468H,0
class 3,I468K,0
class 3,I468L,0
class 3,I468M,0
class 3,I468N,0
class 3,I468P,0
class 3,I468Q,0
class 3,I468R,0
class 3,I468S,0
class 3,I468T,0
class 3,I468V,0
class 3,I468Y,0
class 3,S469A,0
class 3,S469C,0
class 3,S469D,0
class 3,S469E,0
class 3,S469G,0
class 3,S469K,0
class 3,S469N,0
class 3,S469Q,0
class 3,S469R,0
class 3,S469T,0
class 3,T470A,0
class 3,T470C,0
class 3,T470D,0
class 3,T470E,0
class 3,T470F,0
class 3,T470G,0
class 3,T470H,0
class 3,T470I,0
class 3,T470K,0
class 3,T470L,0
class 3,T470M,0
class 3,T470N,0
class 3,T470Q,0
class 3,T470R,0
class 3,T470S,0
class 3,T470V,0
class 3,T470Y,0
class 3,E471A,0
class 3,E471C,0
class 3,E471D,0
class 3,E471F,0
class 3,E471G,0
class 3,E471H,0
class 3,E471I,0
class 3,E471K,0
class 3,E471L,0
class 3,E471M,0
class 3,E471N,0
class 3,E471P,0
class 3,E471Q,0
class 3,E471R,0
class 3,E471S,0
class 3,E471T,0
class 3,E471V,0
class 3,E471Y,0
class 3,I472A,0
class 3,I472C,0
class 3,I472D,0
class 3,I472E,0
class 3,I472F,0
class 3,I472G,0
class 3,I472H,0
class 3,I472K,0
class 3,I472L,0
class 3,I472M,0
class 3,I472N,0
class 3,I472P,0
class 3,I472Q,0
class 3,I472S,0
class 3,I472T,0
class 3,I472V,0
class 3,I472W,0
class 3,I472Y,0
class 3,Y473A,0
class 3,Y473C,0
class 3,Y473E,0
class 3,Y473F,0
class 3,Y473H,1.892
class 3,Y473I,0
class 3,Y473L,0
class 3,Y473M,0
class 3,Y473N,0
class 3,Y473Q,0
class 3,Y473S,0
class 3,Y473T,0
class 3,Y473V,0
class 3,Y473W,0
class 3,Q474A,0
class 3,Q474D,0
class 3,Q474E,0
class 3,Q474G,0
class 3,Q474H,0
class 3,Q474K,0
class 3,Q474M,0
class 3,Q474N,0
class 3,Q474P,0
class 3,Q474R,0
class 3,Q474S,0
class 3,Q474T,0
class 3,Q474V,0
class 3,A475C,0
class 3,A475D,0
class 3,A475E,0
class 3,A475F,0
class 3,A475G,0
class 3,A475I,0
class 3,A475K,0
class 3,A475L,0
class 3,A475M,0
class 3,A475N,3.621
class 3,A475Q,0
class 3,A475R,0
class 3,A475S,0
class 3,A475T,0
class 3,A475V,0
class 3,A475Y,0
class 3,G476A,0
class 3,G476D,0
class 3,G476E,0
class 3,G476H,0
class 3,G476K,0
class 3,G476N,0
class 3,G476Q,0
class 3,G476R,0
class 3,G476S,0
class 3,G476T,0
class 3,S477A,0
class 3,S477C,0
class 3,S477D,0
class 3,S477F,0
class 3,S477G,0
class 3,S477H,0
class 3,S477I,0
class 3,S477L,0
class 3,S477N,0
class 3,S477P,0
class 3,S477Q,0
class 3,S477R,0
class 3,S477T,0
class 3,S477V,0
class 3,S477W,0
class 3,S477Y,0
class 3,T478A,0
class 3,T478C,0
class 3,T478D,0
class 3,T478E,0
class 3,T478F,0
class 3,T478G,0
class 3,T478H,0
class 3,T478I,0
class 3,T478K,0
class 3,T478L,0
class 3,T478M,0
class 3,T478N,0
class 3,T478P,0
class 3,T478Q,0
class 3,T478R,0
class 3,T478S,0
class 3,T478V,0
class 3,T478W,0
class 3,T478Y,0
class 3,P479A,0
class 3,P479C,0
class 3,P479D,0
class 3,P479E,0
class 3,P479F,0
class 3,P479G,0
class 3,P479H,0
class 3,P479I,0
class 3,P479K,0
class 3,P479L,0
class 3,P479M,0
class 3,P479N,0
class 3,P479Q,0
class 3,P479R,0
class 3,P479S,0
class 3,P479T,0
class 3,P479V,0
class 3,P479Y,0
class 3,N481A,0
class 3,N481C,0
class 3,N481D,0
class 3,N481E,0
class 3,N481F,0
class 3,N481G,0
class 3,N481H,0
class 3,N481I,0
class 3,N481K,0
class 3,N481L,0
class 3,N481M,0
class 3,N481P,0
class 3,N481Q,0
class 3,N481R,0
class 3,N481S,0
class 3,N481T,0
class 3,N481V,0
class 3,N481Y,0
class 3,G482A,0
class 3,G482C,0
class 3,G482D,0
class 3,G482F,0
class 3,G482H,0
class 3,G482K,0
class 3,G482L,0
class 3,G482N,0
class 3,G482P,0
class 3,G482Q,1.335
class 3,G482R,0
class 3,G482S,0
class 3,G482T,0
class 3,G482Y,0
class 3,V483A,0
class 3,V483C,0
class 3,V483D,0
class 3,V483E,0
class 3,V483F,0
class 3,V483G,0
class 3,V483H,0
class 3,V483I,0
class 3,V483K,0
class 3,V483L,0
class 3,V483M,2.206
class 3,V483N,0
class 3,V483Q,0
class 3,V483R,0
class 3,V483S,0
class 3,V483T,0
class 3,V483W,0
class 3,V483Y,0
class 3,E484A,0
class 3,E484C,0
class 3,E484D,0
class 3,E484F,0
class 3,E484G,0
class 3,E484H,0
class 3,E484I,0
class 3,E484K,0
class 3,E484L,0
class 3,E484M,0
class 3,E484N,0
class 3,E484P,0
class 3,E484Q,0
class 3,E484R,0
class 3,E484S,0
class 3,E484T,0
class 3,E484V,0
class 3,E484W,0
class 3,E484Y,0
class 3,G485A,0
class 3,G485C,0
class 3,G485D,0
class 3,G485E,0
class 3,G485H,0
class 3,G485K,0
class 3,G485M,0
class 3,G485N,0
class 3,G485P,0
class 3,G485Q,0
class 3,G485R,0
class 3,G485S,0
class 3,G485T,0
class 3,F486A,0
class 3,F486C,0
class 3,F486D,0
class 3,F486E,0
class 3,F486G,0
class 3,F486H,0
class 3,F486I,0
class 3,F486K,0
class 3,F486L,0
class 3,F486M,0
class 3,F486N,0
class 3,F486P,0
class 3,F486Q,0
class 3,F486R,0
class 3,F486S,0
class 3,F486T,0
class 3,F486V,0
class 3,F486W,0
class 3,F486Y,0
class 3,N487A,0
class 3,N487D,0
class 3,N487E,0
class 3,N487F,0
class 3,N487G,0
class 3,N487H,0
class 3,N487K,0
class 3,N487L,0
class 3,N487M,0
class 3,N487Q,0
class 3,N487R,0
class 3,N487S,0
class 3,N487T,0
class 3,N487Y,0
class 3,Y489F,0
class 3,Y489H,0
class 3,Y489I,0
class 3,Y489L,0
class 3,Y489M,0
class 3,Y489Q,0
class 3,Y489V,0
class 3,Y489W,0
class 3,F490A,0
class 3,F490C,0
class 3,F490D,0
class 3,F490E,0
class 3,F490G,0
class 3,F490H,0
class 3,F490I,0
class 3,F490K,0
class 3,F490L,0
class 3,F490M,0
class 3,F490N,0
class 3,F490P,0
class 3,F490Q,0
class 3,F490R,0
class 3,F490S,0
class 3,F490T,0
class 3,F490V,0
class 3,F490W,0
class 3,F490Y,0
class 3,L492F,0
class 3,L492I,0
class 3,L492V,0
class 3,Q493A,0
class 3,Q493D,0
class 3,Q493E,0
class 3,Q493F,0
class 3,Q493G,0
class 3,Q493H,0
class 3,Q493I,0
class 3,Q493K,0
class 3,Q493L,0
class 3,Q493N,0
class 3,Q493R,0
class 3,Q493S,0
class 3,Q493T,0
class 3,Q493V,0
class 3,Q493W,0
class 3,Q493Y,0
class 3,S494A,0
class 3,S494D,0
class 3,S494F,0
class 3,S494G,0
class 3,S494H,0
class 3,S494I,0
class 3,S494K,0
class 3,S494M,0
class 3,S494N,0
class 3,S494P,0
class 3,S494R,0
class 3,S494T,0
class 3,S494V,0
class 3,S494W,0
class 3,S494Y,0
class 3,G496A,0
class 3,G496C,0
class 3,G496D,2.027
class 3,G496E,0
class 3,G496F,0
class 3,G496H,0
class 3,G496I,0
class 3,G496K,0
class 3,G496L,0
class 3,G496M,0
class 3,G496N,0
class 3,G496Q,0
class 3,G496R,0
class 3,G496S,0
class 3,G496T,0
class 3,G496V,0
class 3,G496W,0
class 3,G496Y,0
class 3,Q498A,0
class 3,Q498C,0
class 3,Q498E,0
class 3,Q498F,3.205
class 3,Q498G,0
class 3,Q498H,0
class 3,Q498I,0
class 3,Q498K,0
class 3,Q498L,0
class 3,Q498M,0
class 3,Q498N,0
class 3,Q498R,0
class 3,Q498S,0
class 3,Q498T,0
class 3,Q498V,0
class 3,Q498W,5.972
class 3,Q498Y,2.196
class 3,P499A,0
class 3,P499C,8.783
class 3,P499D,12.13
class 3,P499E,8.84
class 3,P499G,8.464
class 3,P499H,6.208
class 3,P499L,4.093
class 3,P499M,5.688
class 3,P499N,7.769
class 3,P499Q,7.55
class 3,P499R,9.014
class 3,P499S,8.177
class 3,P499T,7.243
class 3,P499V,0
class 3,P499Y,6.284
class 3,T500A,0
class 3,T500C,0
class 3,T500D,6.8
class 3,T500E,0
class 3,T500F,0
class 3,T500G,0
class 3,T500H,0
class 3,T500I,0
class 3,T500K,0
class 3,T500L,0
class 3,T500M,0
class 3,T500N,0
class 3,T500P,0
class 3,T500Q,0
class 3,T500R,0
class 3,T500S,0
class 3,T500V,0
class 3,T500W,0
class 3,T500Y,0
class 3,N501A,0
class 3,N501C,0
class 3,N501F,0
class 3,N501G,0
class 3,N501H,0
class 3,N501I,0
class 3,N501L,0
class 3,N501M,0
class 3,N501P,0
class 3,N501Q,0
class 3,N501R,0
class 3,N501S,0
class 3,N501T,0
class 3,N501V,0
class 3,N501W,0
class 3,N501Y,0
class 3,V503A,0
class 3,V503C,0
class 3,V503D,0
class 3,V503E,0
class 3,V503F,0
class 3,V503G,0
class 3,V503H,0
class 3,V503I,0
class 3,V503K,0
class 3,V503L,0
class 3,V503M,0
class 3,V503N,0
class 3,V503Q,0
class 3,V503R,0
class 3,V503S,0
class 3,V503T,1.998
class 3,V503W,0
class 3,V503Y,0
class 3,G504A,0
class 3,G504C,0
class 3,G504D,0
class 3,G504E,0
class 3,G504F,0
class 3,G504H,0
class 3,G504I,0
class 3,G504K,0
class 3,G504L,0
class 3,G504M,0
class 3,G504N,0
class 3,G504P,0
class 3,G504Q,0
class 3,G504R,0
class 3,G504S,0
class 3,G504T,0
class 3,G504V,0
class 3,G504W,0
class 3,G504Y,0
class 3,Y505F,0
class 3,Y505H,0
class 3,Y505M,0
class 3,Y505N,0
class 3,Y505Q,0
class 3,Y505W,0
class 3,Q506A,0
class 3,Q506E,0
class 3,Q506H,1.739
class 3,Q506N,0
class 3,P507A,6.259
class 3,Y508A,0
class 3,Y508F,0
class 3,Y508H,0
class 3,Y508M,0
class 3,Y508N,0
class 3,Y508T,0
class 3,Y508V,0
class 3,Y508W,0
class 3,V510I,0
class 3,V512I,0
class 3,L513I,0
class 3,L513M,0
class 3,S514A,0
class 3,S514C,0
class 3,S514F,0
class 3,S514G,0
class 3,S514H,0
class 3,S514I,0
class 3,S514K,1.344
class 3,S514L,0
class 3,S514M,0
class 3,S514N,0
class 3,S514Q,0
class 3,S514R,0
class 3,S514T,0
class 3,S514V,0
class 3,S514W,0
class 3,S514Y,0
class 3,F515L,0
class 3,F515M,0
class 3,E516D,0
class 3,E516H,0
class 3,E516K,0
class 3,E516N,0
class 3,E516P,0
class 3,E516R,0
class 3,E516S,0
class 3,E516T,0
class 3,L517E,0
class 3,L517H,0
class 3,L517I,0
class 3,L517K,0
class 3,L517M,0
class 3,L517N,0
class 3,L517Q,0
class 3,L517R,0
class 3,L517S,0
class 3,L517T,0
class 3,L517V,1.474
class 3,L517Y,0
class 3,L518F,0
class 3,L518H,0
class 3,L518I,0
class 3,L518K,0
class 3,L518M,0
class 3,L518N,0
class 3,L518P,0
class 3,L518Q,0
class 3,L518R,0
class 3,L518S,0
class 3,L518T,0
class 3,L518V,0
class 3,L518W,0
class 3,L518Y,0
class 3,H519C,0
class 3,H519D,3.662
class 3,H519F,0
class 3,H519I,0
class 3,H519L,0
class 3,H519N,0
class 3,H519P,0
class 3,H519R,0
class 3,H519S,0
class 3,H519T,0
class 3,H519V,0
class 3,H519Y,0
class 3,A520C,0
class 3,A520D,0
class 3,A520E,0
class 3,A520F,0
class 3,A520G,0
class 3,A520H,0
class 3,A520K,0
class 3,A520L,0
class 3,A520M,0
class 3,A520N,0
class 3,A520P,0
class 3,A520R,0
class 3,A520S,0
class 3,A520T,0
class 3,A520V,0
class 3,A520Y,0
class 3,P521C,0
class 3,P521F,0
class 3,P521G,0
class 3,P521H,0
class 3,P521N,0
class 3,P521R,0
class 3,P521S,0
class 3,P521T,0
class 3,A522C,0
class 3,A522D,0
class 3,A522E,0
class 3,A522G,0
class 3,A522H,0
class 3,A522I,0
class 3,A522K,0
class 3,A522L,0
class 3,A522M,0
class 3,A522P,0
class 3,A522R,0
class 3,A522S,0
class 3,A522T,0
class 3,A522V,0
class 3,V524A,0
class 3,V524I,0
class 3,C525A,0
class 3,C525F,0
class 3,C525I,0
class 3,C525L,0
class 3,C525N,0
class 3,C525R,0
class 3,C525S,0
class 3,G526A,0
class 3,G526D,0
class 3,G526E,0
class 3,G526L,0
class 3,G526N,0
class 3,G526P,0
class 3,G526R,0
class 3,G526S,0
class 3,G526V,0
class 3,G526W,0
class 3,P527A,0
class 3,P527C,0
class 3,P527E,0
class 3,P527F,0
class 3,P527G,0
class 3,P527H,0
class 3,P527I,0
class 3,P527K,0
class 3,P527L,0
class 3,P527M,0
class 3,P527N,0
class 3,P527Q,0
class 3,P527R,0
class 3,P527S,0
class 3,P527T,0
class 3,P527V,0
class 3,P527Y,0
class 3,K528A,0
class 3,K528C,0
class 3,K528D,0
class 3,K528E,0
class 3,K528G,0
class 3,K528H,0
class 3,K528I,0
class 3,K528L,0
class 3,K528M,0
class 3,K528N,0
class 3,K528P,0
class 3,K528Q,0
class 3,K528R,0
class 3,K528S,0
class 3,K528T,0
class 3,K528V,0
class 3,K528W,0
class 3,K528Y,0
class 3,K529C,0
class 3,K529D,0
class 3,K529E,0
class 3,K529F,0
class 3,K529G,0
class 3,K529H,0
class 3,K529I,0
class 3,K529L,0
class 3,K529M,0
class 3,K529N,0
class 3,K529P,0
class 3,K529Q,0
class 3,K529R,0
class 3,K529S,0
class 3,K529T,0
class 3,K529V,0
class 3,K529W,0
class 3,K529Y,0
class 3,S530A,0
class 3,S530C,0
class 3,S530D,0
class 3,S530E,0
class 3,S530F,0
class 3,S530G,0
class 3,S530H,0
class 3,S530I,0
class 3,S530K,0
class 3,S530L,0
class 3,S530M,0
class 3,S530N,0
class 3,S530P,0
class 3,S530Q,0
class 3,S530R,0
class 3,S530T,0
class 3,S530V,0
class 3,S530W,0
class 3,S530Y,0
class 3,T531A,0
class 3,T531C,0
class 3,T531D,0
class 3,T531E,0
class 3,T531F,0
class 3,T531G,0
class 3,T531H,0
class 3,T531I,0
class 3,T531K,0
class 3,T531L,0
class 3,T531M,0
class 3,T531N,0
class 3,T531P,0
class 3,T531Q,0
class 3,T531R,0
class 3,T531S,0
class 3,T531V,0
class 3,T531W,0
class 3,T531Y,0
